Part #,Rev,Machined,Description,Cost,Total Qty,PO QTY,Rec QTY,Mfg/Matl,Finish,FINISHED BY VENDOR?,Vendor,Notes,Out to Quote,Order Date,Req Date,Conf Date,PO,Material Cost,Coating Cost,Misc Cost,Labor Hours,Locations,Drawing,XOMETRY QUOTE #,"XOMETRY ORDER #
", ,,,
GF12.110.01,A,GF12.110.01.A,"MODIFIED BRX 90x90 -I- 
3936MM",0,2,2,2,BRX,None,N/A,"BRX, NULINE", ,N/A,N/A,N/A,N/A,N/A,0,0,0,0,", 2x110.1,", , , ,5205.001729,,,
GF12.110.02,A,GF12.110.02.A,MODIFIED BRX 90X90 -I- 3282.92MM,0,2,2,2,BRX,None,N/A,"BRX, NULINE", ,N/A,N/A,N/A,N/A,N/A,0,0,0,0,", 2x110.2,", , , , ,,,
GF12.111.01,A,GF12.111.01.A,M8 Leveling Foot Plate,37.5,26,28,28,Big Sky,Clear Anodize,NO,Big Sky,$68 ea for Qty 4x on PO 55032; $37.5 ea for 14x on PO 54923,45083,45084,45093,45093,"54923, 55032",37.5,0,0,0,", 26x111.1,",X, , , ,,,
GF12.112.01,A,GF12.112.01.A,Joining Plate,73,10,10,10,1018 CRS,Clear Zinc,NO,BIG SKY,  ,45142,45146,45176,45176,55032,73,0,0,0,", 10x112.1,",X, , , ,,,
GF12.113.01,A,GF12.113.01.A,".300, .600 RAIL PLATE",351.75,4,4,4,MIC 6,Clear Anodize,NO,BEMOX,  ,45141,45141,45171,45171,55029,351.75,0,0,0,", 4x113.1,",X, , , ,,,
GF12.114.01,A,GF12.114.01.A,.500 UPPER RAIL PLATE,0,2,2,2,MIC 6,Clear Anodize,NO,FRONTIER,  ,45139,45140,45170,45170,55025,0,0,0,0,", 2x114.1,",X, , , ,,,
GF12.115.01,B,GF12.115.01.B,.500 LOWER RAIL PLATE,0,2,2,2,MIC 6,Clear Anodize,NO,FRONTIER,  ,45139,45140,45170,45170,55025,0,0,0,0,", 2x115.1,",X, , , ,,,
GF12.116.01,A,GF12.116.01.A,EXTRUDED ROLLER,119.09,35,35,35,6061-T6 Alum,Hard Clear Anodize,NO,"BONNELL, RON GROB, 3J, Fin. Pros", ,N/A,N/A,N/A,N/A,"54809, 54970, 54989 ",35.33,54.27,29.49,0,", 14x116.1, 8x215.1, 6x216.9, 2x221.2, 2x222.2, 2x251.1, 1x252.1,",X, , , ,,,
GF12.116.02,A,GF12.116.02.A,ROLLER SHAFT,85.05,26,26,26,303 SS - TG&P,None,N/A,"ALEXANDRIA, Nuline", ,N/A,N/A,N/A,N/A,55018,85.05,0,0,0,", 14x116.2, 8x215.2, 2x221.3, 2x222.3,",X, , ,,,,
GF12.116.03,A,GF12.116.03.A,ROLLER CAP,1.52,70,80,80,304 SS,2B,N/A,XOMETRY,  ,N/A,45141,45161,45161,55030,1.52,0,0,0,", 28x116.3, 16x215.3, 12x216.10, 4x221.4, 4x222.4, 4x251.2, 2x252.2,",X, ,275A2-1504B,,,,
GF12.116.04,A,GF12.116.04.A,SINGLE ROLLER BRACKET,0,28,32,32,6061-T6 Alum,Clear Anodize,NO,FRONTIER,  ,45139,45140,45170,45170,55025,0,0,0,0,", 28x116.4,",X, , ,,,,
GF12.116.05,A,GF12.116.05.A,"SINGLE ROLLER BRACKET 
CLAMP",0,36,40,40,6061-T6 Alum,Clear Anodize,NO,FRONTIER,  ,45139,45140,45170,45170,55025,0,0,0,0,", 28x116.5, 4x221.5, 4x222.5,",X, , , ,,,
GF12.117.01,A,GF12.117.01.A,Frame Gusset,22.06,58,70,69,304 SS,2B,N/A,XOMETRY,  ,N/A,45141,45161,45161,55030,22.06,0,0,0,", 58x117.1,",X, ,275A2-1504B, ,,,
GF12.118.01,A,GF12.118.01.A,"Exh Manifold Plate, 4x 1-4 Port",0,2,0,2,6061-T6 Alum,Clear Anodize,NO,NULINE,,N/A,N/A,N/A,N/A,N/A,0,0,0,0,", 1x118.1, 1x119.1,",,,, ,,,
GF12.120.01,B,GF12.120.01.B,Thin Wall Top Guard 3,154.9734,2,2,2,Thin Wall Polycarb,None,N/A,PRO PLASTICS,"Quote XXXXXX; 2 weeks; $50 crate fee each, NO DRILLED HOLES",45195,45195,45219,45219,55158,104.9734,0,50,0,", 2x120.1,",X, , , ,,,
GF12.120.02,C,GF12.120.02.C,Thin Wall Top Guard 4,110.1544,1,1,1,Thin Wall Polycarb,None,N/A,PRO PLASTICS,"Quote XXXXXX; 2 weeks; $50 crate fee each, NO DRILLED HOLES",45195,45195,45219,45219,55158,60.1544,0,50,0,", 1x120.2,",X, , , ,,,
GF12.120.03,B,GF12.120.03.B,Thin Wall Top Guard 5,210.2887,1,1,1,Thin Wall Polycarb,None,N/A,PRO PLASTICS,"Quote XXXXXX; 2 weeks; $50 crate fee each, NO DRILLED HOLES",45195,45195,45219,45219,55158,160.2887,0,50,0,", 1x120.3,",X, , , ,,,
GF12.120.04,A,GF12.120.04.A,Flying Knife Guard,118.57,1,1,,Polycarb,None,N/A,PRO PLASTICS,Quote 671549; 4 weeks; OLD P/N WAS 700.01,45159,45189,45212,45228,55160,118.57,0,0,0,", 1x120.4,",X, , , ,,,
GF12.120.05,A,GF12.120.05.A,Thin Wall Top Guard 6,56.9884,2,2,2,Thin Wall Polycarb,None,N/A,PRO PLASTICS,"Quote XXXXXX; 2 weeks; $50 crate fee each, NO DRILLED HOLES",45195,45195,45219,45219,55158,56.9884,0,0,0,", 2x120.5,",,,, ,,,
GF12.120.06,A,GF12.120.06.A,Thin Wall Top Guard 7,44.3243,1,1,1,Thin Wall Polycarb,None,N/A,PRO PLASTICS,"Quote XXXXXX; 2 weeks; $50 crate fee each, NO DRILLED HOLES",45195,45195,45219,45219,55158,44.3243,0,0,0,", 1x120.6,",,,, ,,,
GF12.121.01,A,GF12.121.01.A,MAG LOCK PLATE,50,14,14,14,6061-T6 Alum,Clear Anodize,NO,BIG SKY,  ,45142,45146,45176,45176,55032,50,0,0,0,", 14x121.1,",X, , , ,,,
GF12.122.01,A,GF12.122.01.A,"KEY STATION MOUNTING 
PLATE",65,6,6,6,6061-T6 Alum,Clear Anodize,NO,BIG SKY,  ,45142,45146,45176,45176,55032,65,0,0,0,", 6x122.1,",X, , , ,,,
GF12.123.01,A,GF12.123.01.A,HMI Arm Mount,198,1,1,1,6061-T6 Alum,Clear Anodize,NO,BIG SKY,  ,45142,45146,45176,45176,55032,198,0,0,0,", 1x123.1,",X, , , ,,,
GF12.124.01,A,GF12.124.01.A,Door Support,88,28,28,28,Delrin - White,None,NO,BIG SKY,  ,45142,45146,45176,45176,55032,88,0,0,0,", 4x124.1, 4x125.3, 4x126.5, 4x127.5, 4x128.3, 4x260.1, 4x270.3,",X, , , ,,,
GF12.124.02,A,GF12.124.02.A,Clear Polycarb Panel Door  5  1006x944,54.9733,1,1,1,Polycarb,None,N/A,PRO PLASTICS,Quote 668778; <2 weeks; Drawings/Step are under Polycarbonate Door NuLine,45159, 9/19/2023,45212,45212,55157,54.9733,0,0,0,", 1x124.2,",X, , , ,,,
GF12.124.03,A,GF12.124.03.A,Clear Polycarb Panel Door  5  1051x944,54.9733,1,1,1,Polycarb,None,N/A,PRO PLASTICS,Quote 668778; <2 weeks; Drawings/Step are under Polycarbonate Door NuLine,45159, 9/19/2023,45212,45212,55157,54.9733,0,0,0,", 1x124.3,",X, , , ,,,
GF12.124.04,A,GF12.124.04.A,Clear Polycarb Panel Door  6  1006x1212,54.9733,1,1,1,Polycarb,None,N/A,PRO PLASTICS,Quote 668778; <2 weeks; Drawings/Step are under Polycarbonate Door NuLine,45159, 9/19/2023,45212,45212,55157,54.9733,0,0,0,", 1x124.4,",X, , , ,,,
GF12.124.05,A,GF12.124.05.A,Clear Polycarb Panel Door  6  1051x1212,54.9733,1,1,1,Polycarb,None,N/A,PRO PLASTICS,Quote 668778; <2 weeks; Drawings/Step are under Polycarbonate Door NuLine,45159, 9/19/2023,45212,45212,55157,54.9733,0,0,0,", 1x124.5,",X, , , ,,,
GF12.125.02,A,GF12.125.02.A,Clear Polycarb Panel Door  7  722x1097,54.9733,1,1,1,Polycarb,None,N/A,PRO PLASTICS,Quote 668778; <2 weeks; Drawings/Step are under Polycarbonate Door NuLine,45159, 9/19/2023,45212,45212,55157,54.9733,0,0,0,", 1x125.1,",X, , , ,,,
GF12.125.03,A,GF12.125.03.A,Clear Polycarb Panel Door  8  722x1214,54.9733,1,1,1,Polycarb,None,N/A,PRO PLASTICS,Quote 668778; <2 weeks; Drawings/Step are under Polycarbonate Door NuLine,45159, 9/19/2023,45212,45212,55157,54.9733,0,0,0,", 1x125.2,",X, , , ,,,
GF12.126.02,A,GF12.126.02.A,Clear Polycarb Panel Door  9  515x1097,54.9733,1,1,1,Polycarb,None,N/A,PRO PLASTICS,Quote 668778; <2 weeks; Drawings/Step are under Polycarbonate Door NuLine,45159, 9/19/2023,45212,45212,55157,54.9733,0,0,0,", 1x126.1,",X, , , ,,,
GF12.126.03,A,GF12.126.03.A,Clear Polycarb Panel Door  9  560 x1097,54.9733,1,1,1,Polycarb,None,N/A,PRO PLASTICS,Quote 668778; <2 weeks; Drawings/Step are under Polycarbonate Door NuLine,45159, 9/19/2023,45212,45212,55157,54.9733,0,0,0,", 1x126.2,",X, , , ,,,
GF12.126.04,A,GF12.126.04.A,Clear Polycarb Panel Door  10  515x1214,54.9733,1,1,1,Polycarb,None,N/A,PRO PLASTICS,Quote 668778; <2 weeks; Drawings/Step are under Polycarbonate Door NuLine,45159, 9/19/2023,45212,45212,55157,54.9733,0,0,0,", 1x126.3,",X, , , ,,,
GF12.126.05,A,GF12.126.05.A,Clear Polycarb Panel Door  10  560x1214,54.9733,1,1,1,Polycarb,None,N/A,PRO PLASTICS,Quote 668778; <2 weeks; Drawings/Step are under Polycarbonate Door NuLine,45159, 9/19/2023,45212,45212,55157,54.9733,0,0,0,", 1x126.4,",X, , , ,,,
GF12.127.02,A,GF12.127.02.A,Clear Polycarb Panel Door  11  765x947,54.9733,1,1,1,Polycarb,None,N/A,PRO PLASTICS,Quote 668778; <2 weeks; Drawings/Step are under Polycarbonate Door NuLine,45159, 9/19/2023,45212,45212,55157,54.9733,0,0,0,", 1x127.1,",X, , , ,,,
GF12.127.03,A,GF12.127.03.A,Clear Polycarb Panel Door  11  810x947,54.9733,1,1,1,Polycarb,None,N/A,PRO PLASTICS,Quote 668778; <2 weeks; Drawings/Step are under Polycarbonate Door NuLine,45159, 9/19/2023,45212,45212,55157,54.9733,0,0,0,", 1x127.2,",X, , , ,,,
GF12.127.04,A,GF12.127.04.A,Clear Polycarb Panel Door  12  765x1214,54.9733,1,1,1,Polycarb,None,N/A,PRO PLASTICS,Quote 668778; <2 weeks; Drawings/Step are under Polycarbonate Door NuLine,45159, 9/19/2023,45212,45212,55157,54.9733,0,0,0,", 1x127.3,",X, , , ,,,
GF12.127.05,A,GF12.127.05.A,Clear Polycarb Panel Door  12  810x1214,54.9733,1,1,1,Polycarb,None,N/A,PRO PLASTICS,Quote 668778; <2 weeks; Drawings/Step are under Polycarbonate Door NuLine,45159, 9/19/2023,45212,45212,55157,54.9733,0,0,0,", 1x127.4,",X, , , ,,,
GF12.128.02,A,GF12.128.02.A,Clear Polycarb Panel Door  13  536x1097,54.9733,1,1,1,Polycarb,None,N/A,PRO PLASTICS,Quote 668778; <2 weeks; Drawings/Step are under Polycarbonate Door NuLine,45159, 9/19/2023,45212,45212,55157,54.9733,0,0,0,", 1x128.1,",X, , , ,,,
GF12.128.03,A,GF12.128.03.A,Clear Polycarb Panel Door  14  536x1214,54.9733,1,1,1,Polycarb,None,N/A,PRO PLASTICS,Quote 668778; <2 weeks; Drawings/Step are under Polycarbonate Door NuLine,45159, 9/19/2023,45212,45212,55157,54.9733,0,0,0,", 1x128.2,",X, , , ,,,
GF12.130.01,B,GF12.130.01.B,Nip Side Plate,311.17,6,6,6,6061-T6 Alum,Clear Anodize,NO,BEMOX,  ,45142,45146,45170,45170,55041,311.17,0,0,0,", 6x130.1,",X, , , ,,,
GF12.130.02,B,GF12.130.02.B,Nip Support Bar,147.3,10,10,10,6061-T6 Alum,Clear Anodize,NO,BEMOX,  ,45142,45146,45170,45170,55041,147.3,0,0,0,", 6x130.2, 4x230.2,",X, , , ,,,
GF12.130.03,A,GF12.130.03.A,Drive Bearing Base,0,10,10,10,6061-T6 Alum,Clear Anodize,NO,FRONTIER,  ,45139,45140,45170,45170,55025,0,0,0,0,", 6x130.3, 4x230.3,",X, , , ,,,
GF12.130.04,A,GF12.130.04.A,Drive Bearing Cap,0,10,10,10,6061-T6 Alum,Clear Anodize,NO,FRONTIER,  ,45139,45140,45170,45170,55025,0,0,0,0,", 6x130.4, 4x230.4,",X, , , ,,,
GF12.130.05,B,GF12.130.05.B,Idler Bearing Mount,0,6,10,10,1018 CRS,Clear Zinc,NO,FRONTIER,  ,45139,45140,45170,45170,55025,0,0,0,0,", 6x130.5,",X, , , ,,,
GF12.130.06,A,GF12.130.06.A,Cylinder Mount Plate,0,10,10,10,1018 CRS,Clear Zinc,NO,FRONTIER,  ,45139,45140,45170,45170,55025,0,0,0,0,", 6x130.6, 4x230.6,",X, , , ,,,
GF12.130.07,B,GF12.130.07.B,Lower Nip Support Strut,369.8,5,5,5,6061-T6 Alum,Clear Anodize,NO,BEMOX,  ,45142,45146,45170,45170,55041,369.8,0,0,0,", 3x130.7, 2x230.7,",X, , , ,,,
GF12.130.08,A,GF12.130.08.A,Nip Adjustment Block,0,10,10,10,6061-T6 Alum,Clear Anodize,NO,FRONTIER,  ,45139,45140,45170,45170,55025,0,0,0,0,", 6x130.8, 4x230.8,",X, , , ,,,
GF12.130.09,A,GF12.130.09.A,Nip Pivot Block,0,10,10,10,6061-T6 Alum,Clear Anodize,NO,FRONTIER,  ,45139,45140,45170,45170,55025,0,0,0,0,", 6x130.9, 4x230.9,",X, , , ,,,
GF12.130.10,A,GF12.130.10.A,Adj Side Frame Mount,0,10,10,10,6061-T6 Alum,Clear Anodize,NO,FRONTIER,  ,45139,45140,45170,45170,55025,0,0,0,0,", 6x130.10, 4x230.10,",X, , , ,,,
GF12.130.11,A,GF12.130.11.A,Pivot Side Frame Mount,0,10,10,10,6061-T6 Alum,Clear Anodize,NO,FRONTIER,  ,45139,45140,45170,45170,55025,0,0,0,0,", 6x130.11, 4x230.11,",X, , , ,,,
GF12.131.03,A,GF12.131.03.A,Nip Segment Core,233.53,30,33,33,6061-T6 Alum,Clear Anodize,YES,XOMETRY,Covering by H&S - P.O. 55048,N/A,45126,45148,45148,55001,131.03,102.5,0,0,", 30x131.1,",X, ,275A2-15046, ,,,
GF12.132.01,A,GF12.132.01.A,Solid Driven Nip Roller,1878.37,5,5,5,1026 DOM Tube,Clear Zinc,YES,XOMETRY,Drawing and step files are under 132.00,N/A,45124,45147,45147,54996,1878.37,0,0,0,", 5x132.1,",X, ,275A2-15045, ,,,
GF12.133.01,A,GF12.133.01.A,Gear Box Mounting Plate,0,5,5,5,6061-T6 Alum,Clear Anodize,NO,FRONTIER,  ,45139,45140,45170,45170,55025,0,0,0,0,", 5x133.1,",X, , , ,,,
GF12.133.02,A,GF12.133.02.A,Gear Box Stand Off,0,10,10,10,1018 CRS,Clear Zinc,NO,FRONTIER,  ,45139,45140,45170,45170,55025,0,0,0,0,", 10x133.2,",X, , , ,,,
GF12.134.01,A,GF12.134.01.A,Manifold Mount Plate,0,5,5,5,6061-T6 Alum,Clear Anodize, ,NULINE,  ,N/A,N/A,N/A,N/A,N/A,0,0,0,0,", 5x134.1,", , , , ,,,
GF12.140.01,B,GF12.140.01.B,Slit Knife Side Plate,240,2,2,2,MIC 6,Clear Anodize,NO,BIG SKY,  ,45142,45146,45176,45176,55032,240,0,0,0,", 2x140.1,",X, , , ,,,
GF12.140.02,B,GF12.140.02.B,Slit Knife Linear Rod Bracket,168,2,2,2,1018 CRS,Clear Zinc,NO,FRONTIER,,45202,45202,45216,45216,55179,168,0,0,0,", 2x140.2,",X, , , ,,,
GF12.140.03,A,GF12.140.03.A,"Slit Knife Cylinder Mount 
Plate",78.5,1,1,1,6061-T6 Alum,Clear Anodize,NO,BIG SKY,  ,45142,45146,45176,45176,55032,78.5,0,0,0,", 1x140.3,",X, , , ,,,
GF12.140.04,B,GF12.140.04.B,"Slit Knife Cylinder 
Adjustment Plate",162.5,1,1,1,6061-T6 Alum,Clear Anodize,NO,BIG SKY,  ,45142,45146,45176,45176,55032,162.5,0,0,0,", 1x140.4,",X, , , ,,,
GF12.140.05,A,GF12.140.05.A,Slit Knife Holder,155,1,1,1,6061-T6 Alum,Clear Anodize,NO,BIG SKY,  ,45142,45146,45176,45176,55032,155,0,0,0,", 1x140.5,",X, , , ,,,
GF12.140.06,A,GF12.140.06.A,Slit Knife Support Rod,7.5,2,2,2,303 SS - TG&P,None,N/A,"ALEXANDRIA, Nuline", ,N/A,N/A,N/A,N/A,55018,7.5,0,0,0,", 2x140.6,",X, , , ,,,
GF12.140.07,A,GF12.140.07.A,Slit Knife Base,78,1,1,1,6061-T6 Alum,Clear Anodize,NO,BIG SKY,  ,45142,45146,45176,45176,55032,78,0,0,0,", 1x140.7,", , , , ,,,
GF12.140.08,A,GF12.140.08.A,Slit Knife Support Rod,0,1,0,2,PPH,None,N/A,NULINE,,N/A,N/A,N/A,N/A,N/A,0,0,0,0,", 1x140.8,",,,, ,,,
GF12.141.01,B,GF12.141.01.B,Slit Knife Handwheel Shaft,147.27,1,1,1,303 SS - TG&P,None,N/A,"ALEXANDRIA, Big Sky", , ,45161,45180,45180,"55018, 55091",48.52,0,98.75,0,", 1x141.1,",X, , , ,,,
GF12.150.01,A,GF12.150.01.A,Lower Panel 1 (1748x584),180,1,1,,Polycarb,None,N/A,PRO PLASTICS,"Quote 665542, 4 weeks 10/24",45159, 9/19/2023,45212,45216,55156,180,0,0,0,", 1x150.1,",X, , , ,,,
GF12.150.02,A,GF12.150.02.A,Lower Panel 2 (1748x731),206,1,1,,Polycarb,None,N/A,PRO PLASTICS,Quote 671549; 4 weeks 10/24,45159,45189,45212,45228,55160,206,0,0,0,", 1x150.2,",X, , , ,,,
GF12.150.03,A,GF12.150.03.A,Lower Panel 3 (366x731),55,4,4,,Polycarb,None,N/A,PRO PLASTICS,"Quote 665542, 4 weeks 10/24",45159,45188,45212,45216,55156,55,0,0,0,", 4x150.3,",X, , , ,,,
GF12.150.04,A,GF12.150.04.A,Lower Panel 4 (797x731),112,2,2,,Polycarb,None,N/A,PRO PLASTICS,"Quote 665542, 4 weeks 10/24",45159,45188,45212,45216,55156,112,0,0,0,", 2x150.4,",X, , , ,,,
GF12.150.05,A,GF12.150.05.A,Lower Panel 5 (766x731),112,2,2,,Polycarb,None,N/A,PRO PLASTICS,"Quote 665542, 4 weeks 10/24",45159,45188,45212,45216,55156,112,0,0,0,", 2x150.5,",X, , , ,,,
GF12.150.06,A,GF12.150.06.A,Lower Panel 6 (1726x731),135.22,2,2,,Polycarb,None,N/A,PRO PLASTICS,"Quote 665542, 4 weeks 10/24",45159,45188,45212,45216,55156,135.22,0,0,0,", 2x150.6,",X, , , ,,,
GF12.150.07,A,GF12.150.07.A,Lower Panel 7 (612x731),112.3,2,2,,Polycarb,None,N/A,PRO PLASTICS,Quote 671549; 4 weeks 10/24,45159,45189,45212,45228,55160,112.3,0,0,0,", 2x150.7,",X, , ,,,,
GF12.150.08,A,GF12.150.08.A,End Clear Panel Guard,204,1,1,,Polycarb,None,N/A,PRO PLASTICS,"Quote 665542, 4 weeks 10/24",45159,45188,45212,45216,55156,204,0,0,0,", 1x120.7,",X, , , ,,,
GF12.150.09,A,GF12.150.09.A,Lower End Panel,0,1,,,Polycarb,None,N/A,CURBELL PLASTICS,,,,,,,,,,,", 1x150.8,",,,, ,,,
GF12.160.01,C,GF12.160.01.C,Air Prep Mount Plate,104.15,1,1,1,6061-T6 Alum,Clear Anodize, ,FRONTIER,,45210,45210,45217,45217,55204,104.15,0,0,0,", 1x160.1,", , , , ,,,
GF12.180.01,A,GF12.180.01.A,Plinth Panel 1,0,2,0,2,"HDPE, BLUE, ROUGH TEXTURE",None,N/A,NULINE,,N/A,N/A,N/A,N/A,N/A,0,0,0,0,", 2x180.1,",,,, ,,,
GF12.180.02,A,GF12.180.02.A,Plinth Panel 2,0,1,0,1,"HDPE, BLUE, ROUGH TEXTURE",None,N/A,NULINE,,N/A,N/A,N/A,N/A,N/A,0,0,0,0,", 1x180.2,",,,, ,,,
GF12.180.03,A,GF12.180.03.A,Plinth Panel 3,0,1,0,1,"TIVAR, BLACK",None,N/A,NULINE,,N/A,N/A,N/A,N/A,N/A,0,0,0,0,", 1x180.3,",,,, ,,,
GF12.180.04,A,GF12.180.04.A,Plinth Panel 4,0,1,0,1,"TIVAR, BLACK",None,N/A,NULINE,,N/A,N/A,N/A,N/A,N/A,0,0,0,0,", 1x180.4,",,,, ,,,
GF12.180.05,A,GF12.180.05.A,FIXED DIAMOND PLATE,132,1,0,,6061 AL TREAD PLATE,Hard Clear Anodize,NO,"ALRECO, NULINE",,N/A,45226,45226,45226,55257,132,0,0,0,", 1x180.5,",,,, ,,,
GF12.180.06,A,GF12.180.06.A,DIAMOND PLATE HATCH DOOR,34,1,0,,6061 AL TREAD PLATE,Hard Clear Anodize,NO,"ALRECO, NULINE",,N/A,45226,45226,45226,55257,34,0,0,0,", 1x180.6,",,,, ,,,
GF12.210.01,A,GF12.210.01.A,MODIFIED BRX 90X90 -I- 3684.4MM,0,2,2,2,BRX,None,N/A,"BRX, NULINE", ,N/A,N/A,N/A,N/A,N/A,0,0,0,0,", 2x210.1,", , , , ,,,
GF12.210.02,B,GF12.210.02.B,Lower Dancer-Nip Guard,186.75,1,1,1,Polycarb,None,N/A,CURBELL PLASTICS,3 WEEKS FROM 9/27,45194,45196,45219,45219,55166,186.75,0,0,0,", 1x210.2,",X, , , ,,,
GF12.210.03,B,GF12.210.03.B,Center Dancer-Nip Guard,246.75,1,1,1,Polycarb,None,N/A,CURBELL PLASTICS,3 WEEKS FROM 9/27,45194,45196,45219,45219,55166,246.75,0,0,0,", 1x210.3,",X, , , ,,,
GF12.210.04,B,GF12.210.04.B,Upper Dancer-Nip Guard,226.67,1,1,1,Polycarb,None,N/A,CURBELL PLASTICS,3 WEEKS FROM 9/27,45194,45196,45219,45219,55166,226.67,0,0,0,", 1x210.4,",X, , , ,,,
GF12.210.05,A,GF12.210.05.A,Thin Wall Top Guard 1,160.2887,1,1,1,Thin Wall Polycarb,None,N/A,PRO PLASTICS,"Quote XXXXXX; 2 weeks; $50 crate fee each, NO DRILLED HOLES",45195,45195,45219,45219,55158,160.2887,0,0,0,", 1x210.5,",,,, ,,,
GF12.210.06,A,GF12.210.06.A,Thin Wall Top Guard 2,56.9884,1,1,1,Thin Wall Polycarb,None,N/A,PRO PLASTICS,"Quote XXXXXX; 2 weeks; $50 crate fee each, NO DRILLED HOLES",45195,45195,45219,45219,55158,56.9884,0,0,0,", 1x210.6,",,,, ,,,
GF12.211.01,B,GF12.211.01.B,Unwind Rail Plate,0,12,12,12,6061-T6 Alum,Clear Anodize,NO,FRONTIER,  ,45139,45140,45170,45170,55025,0,0,0,0,", 12x211.1,",X, , , ,,,
GF12.212.01,A,GF12.212.01.A,Edge Guide Actuator Mount,118.95,2,2,2,1018 CRS,Clear Zinc,NO,FRONTIER,  ,45105,45133,45163,45163,55015,118.95,0,0,0,", 2x212.1,",x, , , ,,,
GF12.212.02,A,GF12.212.02.A,Edge Guide Actuator Spacer,60.75,2,4,4,1018 CRS,Clear Zinc,NO,FRONTIER,  ,45105,45133,45163,45163,55015,60.75,0,0,0,", 2x212.2,",x, , , ,,,
GF12.213.01,A,GF12.213.01.A,Sensor Mount,80.35,2,2,2,6061-T6 Alum,Clear Anodize,NO,FRONTIER,  ,45105,45133,45163,45163,55015,80.35,0,0,0,", 2x213.1,",x, , , ,,,
GF12.213.02,A,GF12.213.02.A,Sensor Mount Plate,65.7,2,2,2,6061-T6 Alum,Clear Anodize,NO,FRONTIER, ,45105,45133,45163,45163,55015,65.7,0,0,0,", 2x213.2,",x, , , ,,,
GF12.214.01,A,GF12.214.01.A,"Exh Manifold Plate, 4x 1-8 Port",0,2,0,2,6061-T6 Alum,Clear Anodize,NO,NULINE,,N/A,N/A,N/A,N/A,N/A,0,0,0,0,", 2x214.1,",,,, ,,,
GF12.215.01,A,GF12.215.01.A,Unwind Roller Upper Bracket,101.6,4,4,4,6061-T6 Alum,Clear Anodize,NO,FRONTIER,  ,45105,45133,45163,45163,55015,101.6,0,0,0,", 4x215.4,",x, , , ,,,
GF12.215.02,A,GF12.215.02.A,Unwind Roller Clamp,73.25,4,4,4,1018 CRS,Clear Zinc,NO,FRONTIER,  ,45105,45133,45163,45163,55015,73.25,0,0,0,", 4x215.5,",x, , , ,,,
GF12.216.01,C,GF12.216.01.C,Dancer Arm,139.35,4,4,4,6061-T6 Alum,Clear Anodize,NO,FRONTIER,  ,45105,45133,45163,45163,55015,139.35,0,0,0,", 4x216.1,",x, , , ,,,
GF12.216.02,A,GF12.216.02.A,Dancer Arm Clamp,56.05,4,4,4,1018 CRS,Clear Zinc,NO,FRONTIER,  ,45105,45133,45163,45163,55015,56.05,0,0,0,", 4x216.2,",x, , , ,,,
GF12.216.03,A,GF12.216.03.A,Clevis Mount,54.8,4,16,16,6061-T6 Alum,Clear Anodize,NO,FRONTIER,  ,45105,45133,45163,45163,55015,54.8,0,0,0,", 4x216.3,",x, , , ,,,
GF12.216.04,A,GF12.216.04.A,Dancer Shaft,132.03,2,2,2,303 SS - TG&P,None,N/A,"ALEXANDRIA, Nuline",  ,N/A,N/A,N/A,N/A,55018,132.03,0,0,0,", 2x216.4,",x, , , ,,,
GF12.216.05,A,GF12.216.05.A,Tension Cylinder Spacer,52.1,4,4,4,6061-T6 Alum,Clear Anodize,NO,FRONTIER,  ,45105,45133,45163,45163,55015,52.1,0,0,0,", 4x216.5,",x, , , ,,,
GF12.216.06,A,GF12.216.06.A,Dancer Roller Bracket,58.1,4,6,6,6061-T6 Alum,Clear Anodize,NO,FRONTIER,  ,45105,45133,45163,45163,55015,58.1,0,0,0,", 4x216.6,",x, , , ,,,
GF12.216.07,A,GF12.216.07.A,Single Roller Bracket Clamp,43.95,4,4,4,1018 CRS,Clear Zinc,NO,FRONTIER,  ,45105,45133,45163,45163,55015,43.95,0,0,0,", 4x216.7,",x, , , ,,,
GF12.216.08,A,GF12.216.08.A,Dancer Roller Shaft,85.05,6,6,6,303 SS - TG&P,None,N/A,"ALEXANDRIA, NULINE",  ,N/A,N/A,N/A,N/A,55018,85.05,0,0,0,", 6x216.8,",x, , , ,,,
GF12.217.01,A,GF12.217.01.A,Manifold 1 Mounting Plate,0,1,1,1,6061-T6 Alum,Clear Zinc, ,NULINE,  ,N/A,N/A,N/A,N/A,N/A,0,0,0,0,", 1x217.1,", , , , ,,,
GF12.217.02,A,GF12.217.02.A,Flow Controller Mount Plate,0,2,2,2,6061-T6 Alum,Clear Zinc, ,NULINE,  ,N/A,N/A,N/A,N/A,N/A,0,0,0,0,", 2x217.2,", , , , ,,,
GF12.218.01,A,GF12.218.01.A,ITV Mount Actuated Dancer,0,2,2,2,6061-T6 Alum,Clear Anodize, ,NULINE,  ,N/A,N/A,N/A,N/A,N/A,0,0,0,0,", 2x218.1,", , , ,,,,
GF12.218.02,A,GF12.218.02.A,Actuated Dancer Fittings Plate,0,2,2,2,6061-T6 Alum,Clear Anodize, ,NULINE,  ,N/A,N/A,N/A,N/A,N/A,0,0,0,0,", 2x218.2,", , , ,,,,
GF12.219.01,A,GF12.219.01.A,"Exh Manifold Plate, 2x 1-4 Port",0,3,0,4,6061-T6 Alum,Clear Anodize,NO,NULINE,,N/A,N/A,N/A,N/A,N/A,0,0,0,0,", 3x219.1,",,,,,,,
GF12.220.01,B,GF12.220.01.B,Unwind Base Plate,1185,2,2,2,6061-T6 Alum,Clear Anodize,NO,BEMOX,  ,45141,45141,45171,45171,55029,1185,0,0,0,", 2x220.1,",x, , ,,,,
GF12.220.02,A,GF12.220.02.A,Unwind Side,608.75,4,4,4,6061-T6 Alum,Clear Anodize,NO,BEMOX,  ,45142,45146,45170,45170,55041,608.75,0,0,0,", 4x220.2,",x, , , ,,,
GF12.220.03,A,GF12.220.03.A,Unwind Gusset,206.95,8,8,8,6061-T6 Alum,Clear Anodize,NO,FRONTIER, ,45105,45133,45163,45163,55015,206.95,0,0,0,", 8x220.3,",x, , , ,,,
GF12.220.04,A,GF12.220.04.A,Gearbox Spacer Flange,393.75,2,2,2,6061-T6 Alum,Clear Anodize,NO,FRONTIER, ,45105,45133,45163,45163,55015,393.75,0,0,0,", 2x220.4,",x, , , ,,,
GF12.220.05,A,GF12.220.05.A,Gearbox Spacer Block,573.4,2,2,2,6061-T6 Alum,Clear Anodize,NO,FRONTIER, ,45105,45133,45163,45163,55015,573.4,0,0,0,", 2x220.5,",x, , , ,,,
GF12.221.01,A,GF12.221.01.A,Roller Bracket,62.8,4,4,4,6061-T6 Alum,Clear Anodize,NO,FRONTIER, ,45105,45133,45163,45163,55015,62.8,0,0,0,", 4x221.1,",x, , , ,,,
GF12.222.01,A,GF12.222.01.A,Roller Bracket Long,76.5,4,4,4,6061-T6 Alum,Clear Anodize,NO,FRONTIER,  ,45105,45133,45163,45163,55015,76.5,0,0,0,", 4x222.1,",x, , , ,,,
GF12.223.01,A,GF12.223.01.A,LASER SENSOR MOUNT PLATE,85.4,2,2,2,6061-T6 Alum,Clear Anodize,NO,FRONTIER, ,45105,45133,45163,45163,55015,85.4,0,0,0,", 2x223.1,",x, , , ,,,
GF12.223.02,A,GF12.223.02.A,LASER SENSOR MOUNT BLOCK,90.2,2,2,2,6061-T6 Alum,Clear Anodize,NO,FRONTIER,  ,45105,45133,45163,45163,55015,90.2,0,0,0,", 2x223.2,",x, , , ,,,
GF12.230.01,A,GF12.230.01.A,NIP SIDE PLATE,356.75,4,4,4,MIC 6,Clear Anodize,NO,BEMOX,  ,45142,45146,45170,45170,55041,356.75,0,0,0,", 4x230.1,",x, , ,,,,
GF12.230.05,A,GF12.230.05.A,Idler Bearing Mount,0,4,0,4,1018 CRS,Clear Zinc,NO,FRONTIER,NMODIFIED BY NULINE FROM 130.05.A BY FRONTIER ,N/A,N/A,N/A,N/A,55025,0,0,0,0,", 4x230.5,",,,, ,,,
GF12.231.01,A,GF12.231.01.A,Solid Idler Nip Roller,1977.23,2,2,2,1026 DOM Tube,Clear Zinc,YES,XOMETRY,Drawing and step files are under 231.00,N/A,45124,45147,45147,54996,1977.23,0,0,0,", 2x231.1,",x, ,275A2-15045, ,,,
GF12.241.01,A,GF12.241.01.A,Mounting Plate,79.6,3,4,4,6061-T6 Alum,Clear Anodize,NO,FRONTIER,  ,45105,45133,45163,45163,55015,79.6,0,0,0,", 3x241.1,",x, , , ,,,
GF12.241.02,A,GF12.241.02.A,Dual Lead Screw Mount,161.05,2,2,2,6061-T6 Alum,Clear Anodize,NO,FRONTIER,  ,45105,45133,45163,45163,55015,161.05,0,0,0,", 2x241.2,",x, , , ,,,
GF12.241.03,A,GF12.241.03.A,Bearing End Plate,55.2,6,6,6,6061-T6 Alum,Clear Anodize,NO,FRONTIER,  ,45105,45133,45163,45163,55015,55.2,0,0,0,", 6x241.3,",x, , , ,,,
GF12.241.04,A,GF12.241.04.A,Cam Mount,61.05,4,4,4,6061-T6 Alum,Clear Anodize,NO,FRONTIER,  ,45105,45133,45163,45163,55015,61.05,0,0,0,", 4x241.4,",x, , ,,,,
GF12.241.05,A,GF12.241.05.A,Linear Rail Mount,365.5,2,2,2,6061-T6 Alum,Clear Anodize,NO,BEMOX,  ,45141,45141,45171,45171,55029,365.5,0,0,0,", 2x241.5,",x, , , ,,,
GF12.241.06,A,GF12.241.06.A,Handwheel Bearing End Plate,80.9,2,2,2,6061-T6 Alum,Clear Anodize,NO,FRONTIER,  ,45105,45133,45163,45163,55015,80.9,0,0,0,", 2x241.6,",x, , , ,,,
GF12.241.07,A,GF12.241.07.A,Connecting Shaft Upper,14.25,2,2,2,303 SS - TG&P,None,N/A,"ALEXANDRIA, Nuline",  ,N/A,N/A,N/A,N/A,55018,14.25,0,0,0,", 2x241.7,",x, , , ,,,
GF12.242.01,A,GF12.242.01.A,Punch Handwheel Shaft,66.2,2,2,2,303 SS - TG&P,None,N/A,"ALEXANDRIA, Big Sky",  , ,45161,45180,45180,"55018, 55091",10.95,0,55.25,0,", 2x242.1,",x, , , ,,,
GF12.242.02,B,GF12.242.02.B,Punch Handwheel Plate,188.95,1,1,1,6061-T6 Alum,Clear Anodize,NO,FRONTIER,  ,45105,45133,45163,45163,55015,188.95,0,0,0,", 1x242.2,",x, , , ,,,
GF12.243.01,A,GF12.243.01.A,Bearing Plate Punch,150.5,2,2,2,6061-T6 Alum,Clear Anodize,NO,FRONTIER,  ,45105,45133,45163,45163,55015,150.5,0,0,0,", 2x243.1,",x, , , ,,,
GF12.243.02,A,GF12.243.02.A,Cylinder Mount,269.6,2,2,2,6061-T6 Alum,Clear Anodize,NO,FRONTIER,  ,45105,45133,45163,45163,55015,269.6,0,0,0,", 2x243.2,",x, , , ,,,
GF12.243.04,A,GF12.243.04.A,Punch Support Gusset,77.76,4,4,4,304 SS,2B,N/A,XOMETRY,  ,N/A,45141,45161,45161,55030,77.76,0,0,0,", 4x243.4,",x, ,275A2-1504B, ,,,
GF12.243.05,A,GF12.243.05.A,Thread Adaptor,85.3,2,2,2,1018 CRS,Clear Zinc,NO,FRONTIER,  ,45105,45133,45163,45163,55015,85.3,0,0,0,", 2x243.5,",x, , , ,,,
GF12.243.06,A,GF12.243.06.A,Punch Clamp Thread Adaptor,84.85,4,4,4,1018 CRS,Clear Zinc,NO,FRONTIER,  ,45105,45133,45163,45163,55015,84.85,0,0,0,", 4x243.6,",x, , , ,,,
GF12.243.07,A,GF12.243.07.A,Hold Down Plate,68.15,2,2,2,6061-T6 Alum,Hard Clear Anodize,NO,FRONTIER,  ,45105,45133,45163,45163,55015,68.15,0,0,0,", 2x243.7,",x, , , ,,,
GF12.243.08,A,GF12.243.08.A,Hold Down Plate Mount,67,4,4,4,6061-T6 Alum,Clear Anodize,NO,FRONTIER,  ,45105,45133,45163,45163,55015,67,0,0,0,", 4x243.8,",x, , , ,,,
GF12.243.09,A,GF12.243.09.A,Bearing Plate Lead Screw Mount,68.4,2,2,2,1018 CRS,Clear Zinc,NO,FRONTIER,  ,45105,45133,45163,45163,55015,68.4,0,0,0,", 1x243.9, 1x244.5,",x, , , ,,,
GF12.243.10,A,GF12.243.10.A,MODIFIED MCM 92240A399 7/16 - 20 Hex Head w/ Thru Hole,0.785,2,2,2,PURCHASED,None,N/A,"MCM, NULINE",NuLine Add center hole,45160,45160,45161,45161,55086,0.785,0,0,0,", 2x243.11,",x, , , ,,,
GF12.243.13,A,GF12.243.13.A,PUNCH CLAMP RUBBER,0,2,2,2,Silicone,None,N/A,NULINE,  ,N/A,N/A,N/A,N/A,N/A,0,0,0,0,", 2x243.10,",x, , , ,,,
GF12.244.01,A,GF12.244.01.A,Bearing Plate-Anvil,150.15,2,2,2,6061-T6 Alum,Hard Clear Anodize,NO,FRONTIER,  ,45105,45133,45163,45163,55015,150.15,0,0,0,", 2x244.1,",x, , , ,,,
GF12.244.02,A,GF12.244.02.A,Anvil Base,268.95,2,2,2,6061-T6 Alum,Hard Clear Anodize,NO,FRONTIER,  ,45105,45133,45163,45163,55015,268.95,0,0,0,", 2x244.2,",x, , , ,,,
GF12.244.03,A,GF12.244.03.A,Insert - 1.65 Inch,63.55,2,2,2,6061-T6 Alum,Hard Clear Anodize,NO,FRONTIER,  ,45105,45133,45163,45163,55015,63.55,0,0,0,", 2x244.3,",x, , , ,,,
GF12.244.04,A,GF12.244.04.A,Anvil Suport Gusset,78.97,4,4,4,304 SS,2B,N/A,XOMETRY,  ,N/A,45141,45161,45161,55030,78.97,0,0,0,", 4x244.4,",x, ,275A2-1504B, ,,,
GF12.245.01,A,GF12.245.01.A,Offset Plate,76.35,2,2,2,6061-T6 Alum,Clear Anodize,NO,FRONTIER,  ,45105,45133,45163,45163,55015,76.35,0,0,0,", 2x245.1,",x, , , ,,,
GF12.245.02,A,GF12.245.02.A,Offset Lead Screw Bearing Plate,65.35,2,2,2,6061-T6 Alum,Clear Anodize,NO,FRONTIER,  ,45105,45133,45163,45163,55015,65.35,0,0,0,", 2x245.2,",x, , , ,,,
GF12.245.03,A,GF12.245.03.A,Punch Slider,100,2,2,2,White Delrin,None,NO,BIG SKY,  ,45142,45146,45176,45176,55032,100,0,0,0,", 2x245.3,",x, , , ,,,
GF12.250.01,B,GF12.250.01.B,Compensator Side Plate,702.9,2,2,2,MIC 6 ,Clear Anodize,NO,BEMOX,  ,45142,45146,45170,45170,55041,702.9,0,0,0,", 2x250.1,",x, , , ,,,
GF12.250.03,A,GF12.250.03.A,Ball Screw Nut Mount,152.8,2,2,2,1018 CRS,Clear Zinc,NO,FRONTIER,  ,45105,45133,45163,45163,55015,152.8,0,0,0,", 2x250.2,",x, , , ,,,
GF12.250.04,A,GF12.250.04.A,Gearbox Mount Plate R,102.92,1,1,1,6061-T6 Alum,Clear Anodize,NO,FRONTIER,  ,45105,45133,45163,45163,55015,102.92,0,0,0,", 1x250.3,",x, , , ,,,
GF12.250.05,A,GF12.250.05.A,Gearbox Mount Plate L,102.9,1,1,1,6061-T6 Alum,Clear Anodize,NO,FRONTIER,  ,45105,45133,45163,45163,55015,102.9,0,0,0,", 1x250.4,",x, , , ,,,
GF12.250.06,A,GF12.250.06.A,Lower Bearing Mount,107.8,2,2,2,6061-T6 Alum,Clear Anodize,NO,FRONTIER,  ,45105,45133,45163,45163,55015,107.8,0,0,0,", 2x250.5,",x, , , ,,,
GF12.250.07,A,GF12.250.07.A,Upper Bearing Mount,85.9,2,2,2,6061-T6 Alum,Clear Anodize,NO,FRONTIER,  ,45105,45133,45163,45163,55015,85.9,0,0,0,", 2x250.6,",x, , , ,,,
GF12.250.08,A,GF12.250.08.A,Adjustment Shaft Stub,48.52,1,1,1,303 SS - TG&P,None,N/A,"ALEXANDRIA, Nuline",  ,N/A,N/A,N/A,N/A,55018,48.52,0,0,0,", 1x250.7,",x, , , ,,,
GF12.250.09,A,GF12.250.09.A,Compensator Upper Bearing Mount Plate L,99.6,1,1,1,6061-T6 Alum,Clear Anodize,NO,FRONTIER,  ,45105,45133,45163,45163,55015,99.6,0,0,0,", 1x250.8,",x, , , ,,,
GF12.250.10,A,GF12.250.10.A,Compensator Upper Bearing Mount Plate R,99.6,1,1,1,6061-T6 Alum,Clear Anodize,NO,FRONTIER,  ,45105,45133,45163,45163,55015,99.6,0,0,0,", 1x250.9,",x, , , ,,,
GF12.251.01,A,GF12.251.01.A,Unwind Roller Upper Bracket,98.8,2,2,2,6061-T6 Alum,Clear Anodize,NO,FRONTIER,  ,45105,45133,45163,45163,55015,98.8,0,0,0,", 2x251.3,",x, , , ,,,
GF12.251.02,A,GF12.251.02.A,Unwind Roller Clamp,62.95,2,2,2,6061-T6 Alum,Clear Anodize,NO,FRONTIER,  ,45105,45133,45163,45163,55015,62.95,0,0,0,", 2x251.4,",x, , , ,,,
GF12.251.03,A,GF12.251.03.A,Roller Shaft,85.05,2,2,2,303 SS - TG&P,None,N/A,"ALEXANDRIA, Nuline",  ,N/A,N/A,N/A,N/A,55018,85.05,0,0,0,", 2x251.5,",x, , , ,,,
GF12.252.01,A,GF12.252.01.A,Compensator Arm,169.25,2,2,2,6061-T6 Alum,Clear Anodize,NO,FRONTIER,  ,45105,45133,45163,45163,55015,169.25,0,0,0,", 2x252.3,",x, , , ,,,
GF12.252.02,A,GF12.252.02.A,Dancer Clamp,54.6,2,2,2,1018 CRS,Clear Zinc,NO,FRONTIER,  ,45105,45133,45163,45163,55015,54.6,0,0,0,", 2x252.4,",x, , , ,,,
GF12.252.03,A,GF12.252.03.A,Roller Shaft,85.05,1,1,1,303 SS - TG&P,None,N/A,"ALEXANDRIA, Nuline",  ,N/A,N/A,N/A,N/A,55018,85.05,0,0,0,", 1x252.5,",x, , , ,,,
GF12.253.01,B,GF12.253.01.B,Compensator Handwheel Shaft,9.45,1,1,1,303 SS - TG&P,None,N/A,"ALEXANDRIA, Nuline",  ,N/A,N/A,N/A,N/A,55018,9.45,0,0,0,", 1x253.1,",x, , , ,,,
GF12.253.02,B,GF12.253.02.B,Handwheel Plate,91.05,2,2,2,6061-T6 Alum,Clear Anodize,NO,FRONTIER, ,45105,45133,45163,45163,55015,91.05,0,0,0,", 1x141.2, 1x253.2,",x, , , ,,,
GF12.253.03,A,GF12.253.03.A,Guard Slide,48,7,7,7,White Delrin,None,NO,BIG SKY,  ,45142,45146,45176,45176,55032,48,0,0,0,", 0x242.3, 0x253.3, 3x345.4, 4x346.5,",x, , , ,,,
GF12.253.04,A,GF12.253.04.A,Friction Pad,45,13,13,13,White Delrin,None,NO,BIG SKY,  ,45142,45146,45176,45176,55032,45,0,0,0,", 1x141.4, 2x242.4, 1x253.4, 3x345.5, 4x346.6, 2x471.4,",x, , , ,,,
GF12.253.05,A,GF12.253.05.A,Unguided Guard Slide,45,6,6,6,White Delrin,None,NO,BIG SKY,  ,45142,45146,45176,45176,55032,45,0,0,0,", 1x141.5, 2x242.5, 1x253.5, 2x471.6,", , , , ,,,
GF12.260.01,A,GF12.260.01.A,Clear Polycarb Panel Door 3/4 676x1098,54.9733,2,2,2,Polycarb,None,N/A,PRO PLASTICS,Quote 668778; <2 weeks; Drawings/Step are under Polycarbonate Door NuLine,45159,45188,45212,45212,55157,54.9733,0,0,0,", 2x260.2,",X, , , ,,,
GF12.270.01,B,GF12.270.01.B,Clear Polycarb Panel Door 1 320x1873,54.9733,1,2,2,Polycarb,None,N/A,PRO PLASTICS,Quote 668778; <2 weeks; Drawings/Step are under Polycarbonate Door NuLine,45159,45188,45212,45212,55157,54.9733,0,0,0,", 1x270.1,",X, , ,,,,
GF12.270.02,A,GF12.270.02.A,Clear Polycarb Panel Door 2 320x2038,0,2,2,2,Polycarb,None,N/A,PRO PLASTICS,ORDERED FROM CURBELL IN NOVEMBER 2023,,,,,,,,,,", 2x270.2,",,,, ,,,
GF12.290.01,A,GF12.290.01.A,Unwind Clear Panel,112,2,2,,Polycarb,None,N/A,PRO PLASTICS,"Quote 665542, 4 weeks 10/24",45159,45188,45212,45216,55156,112,0,0,0,", 2x290.1,",X, , , ,,,
GF12.310.01,A,GF12.310.01.A,Spout Bowl Rail Plate,413.5,2,2,2,6061-T6 Alum,Clear Anodize,NO,BEMOX,  ,45141,45141,45171,45171,55029,413.5,0,0,0,", 2x310.1,",X, , , ,,,
GF12.311.01,A,GF12.311.01.A,BRX 3842511352 90X90L M12 Foot Mount Plate,38.5,20,22,22,Big Sky,Clear Anodize,NO,Big Sky,  ,45084,45084,45093,45093,54923,38.5,0,0,0,", 20x311.1,",X, , , ,,,
GF12.331.01,A,GF12.331.01.A,Diverter Actuator Plate,0,2,2,2,6061-T6 Alum,Clear Anodize,,DETAILED MACH,shipped 9/25/23,45156,45162,45190,45190,55101,0,0,0,0,", 1x331.1, 1x631.1,", , , , ,,,
GF12.331.02,A,GF12.331.02.A,Diverter Housing,120.21,2,2,2,"AISI 304, 11 Gauge",2B, ,WESCO BHT,  ,45159,45161,45191,45191,55092,120.21,0,0,0,", 1x331.2, 1x631.2,", , , , ,,,
GF12.331.03,A,GF12.331.03.A,Spout Diverter Deadnest,0,4,4,4,Delrin - White,None,,DETAILED MACH,shipped 9/29/23,45156,45162,45190,45190,55101,0,0,0,0,", 2x331.3, 2x631.3,", , , , ,,,
GF12.331.04,A,GF12.331.04.A,Diverter Stop,0,2,2,2,Delrin - White,None,,DETAILED MACH,shipped 9/28/23,45156,45162,45190,45190,55101,0,0,0,0,", 1x331.4, 1x631.4,", , , , ,,,
GF12.331.05,A,GF12.331.05.A,Diverter Tray A-Side,73.96,2,2,2,"AISI 304, 1/16 in",2B, ,WESCO BHT,  ,45159,45161,45191,45191,55092,73.96,0,0,0,", 1x331.5, 1x631.5,", , , , ,,,
GF12.331.06,A,GF12.331.06.A,Diverter Tray B-Side,73.96,2,2,2,"AISI 304, 1/16 in",2B, ,WESCO BHT,  ,45159,45161,45191,45191,55092,73.96,0,0,0,", 1x331.6, 1x631.6,", , , , ,,,
GF12.331.07,A,GF12.331.07.A,Diverter Base,0,2,2,2,MIC 6,Clear Anodize,,DETAILED MACH,  ,45156,45162,45190,45190,55101,0,0,0,0,", 1x331.7, 1x631.7,", , , , ,,,
GF12.331.08,A,GF12.331.08.A,Diverter Back,0,2,2,2,MIC 6,Clear Anodize,,DETAILED MACH,shipped 9/25/23,45156,45162,45190,45190,55101,0,0,0,0,", 1x331.8, 1x631.8,", , , , ,,,
GF12.331.09,A,GF12.331.09.A,Diverter Housing Mount,0,2,2,2,6061-T6 Alum,Clear Anodize,,DETAILED MACH,shipped 9/25/23,45156,45162,45190,45190,55101,0,0,0,0,", 1x331.9, 1x631.9,", , , , ,,,
GF12.331.10,A,GF12.331.10.A,Diverter Guard,333.5,1,1,1,Polycarb,None,N/A,CURBELL PLASTICS,3 WEEKS FROM 9/27,45194,45196,45219,45219,55166,333.5,0,0,0,", 1x331.10,", , , , ,,,
GF12.332.01,A,GF12.332.01.A,Spout Rail Bracket,37.89,12,13,13,6061-T6 Alum,Clear Anodize, ,XOMETRY,  ,45161,45161,45181,45181,55095,37.89,0,0,0,", 4x332.1, 4x333.1, 4x334.2,", , , , ,,,
GF12.332.02,A,GF12.332.02.A,Spout A-Side Rail 1,62.17,2,2,2,"AISI 304, 1/16 in",2B, ,WESCO BHT,  ,45159,45161,45191,45191,55092,62.17,0,0,0,", 2x332.2,", , , , ,,,
GF12.332.03,A,GF12.332.03.A,Spout A-Side Rail 2,61.67,2,2,2,"AISI 304, 1/16 in",2B, ,WESCO BHT,  ,45159,45161,45191,45191,55092,61.67,0,0,0,", 2x332.3,", , , , ,,,
GF12.332.04,A,GF12.332.04.A,Spout Rail-Center,41.74,4,4,4,"AISI 304, 1/16 in",2B, ,WESCO BHT,  ,45159,45161,45191,45191,55092,41.74,0,0,0,", 2x332.4, 2x333.4,", , , , ,,,
GF12.332.05,A,GF12.332.05.A,Spout Rail Slide Bracket,0,4,4,4,Delrin - White,None, ,NULINE,  ,N/A,N/A,N/A,N/A,N/A,0,0,0,0,", 2x332.5, 2x333.5,", , , , ,,,
GF12.332.06,C,GF12.332.06.C,Spout Rail Tie,0,2,2,2,6061-T6 Alum,Clear Anodize, ,NULINE,  ,N/A,N/A,N/A,N/A,N/A,0,0,0,0,", 1x332.6, 1x333.6,", , , , ,,,
GF12.332.07,A,GF12.332.07.A,Extrusion Bracket,27.97,16,16,16,6061-T6 Alum,Clear Anodize, ,XOMETRY,  ,45161,45161,45181,45181,55095,27.97,0,0,0,", 3x332.7, 3x333.7, 2x334.3, 3x632.15, 3x633.15, 2x634.4,", , , , ,,,
GF12.332.08,A,GF12.332.08.A,Conveyor Bracket,26.98,32,32,32,6061-T6 Alum,Clear Anodize, ,XOMETRY,  ,45161,45161,45181,45181,55095,26.98,0,0,0,", 6x332.8, 6x333.8, 4x334.4, 6x632.16, 6x633.16, 4x634.5,", , , , ,,,
GF12.332.09,A,GF12.332.09.A,Fiber Optic Bracket,45.87,8,8,8,6061-T6 Alum,Clear Anodize, ,XOMETRY,  ,45161,45161,45181,45181,55095,45.87,0,0,0,", 2x332.9, 2x333.9, 2x632.17, 2x633.17,", , , , ,,,
GF12.333.02,A,GF12.333.02.A,Spout B-Side Rail 1,64.5,2,2,2,"AISI 304, 1/16 in",2B, ,WESCO BHT,  ,45159,45161,45191,45191,55092,64.5,0,0,0,", 2x333.2,", , , , ,,,
GF12.333.03,A,GF12.333.03.A,Spout B-Side Rail 2,63.92,2,2,2,"AISI 304, 1/16 in",2B, ,WESCO BHT,  ,45159,45161,45191,45191,55092,63.92,0,0,0,", 2x333.3,", , , , ,,,
GF12.334.01,A,GF12.334.01.A,Spout Pre-Diverter Rail,65.08,2,2,2,"AISI 304, 1/16 in",2B, ,WESCO BHT,  ,45159,45161,45191,45191,55092,65.08,0,0,0,", 2x334.1,", , , , ,,,
GF12.341.01,A,GF12.341.01.A,SPOUT CROSSWEB RAIL PLATE,0,4,4,4,MIC 6 ,CLEAR ANODIZE,,DETAILED MACH,shipped 9/29/23,45156,45162,45190,45190,55101,0,0,0,0,", 4x341.1,",X,Q12-3338-4269, , ,,,
GF12.341.02,A,GF12.341.02.A,"CAP, SPOUT LEAD SCREW PLATE",0,3,3,3,MIC 6 ,CLEAR ANODIZE,,DETAILED MACH,  ,45156,45162,45190,45190,55101,0,0,0,0,", 2x341.2, 1x640.7,",X,Q12-3338-4269, , ,,,
GF12.341.03,A,GF12.341.03.A,"CAP, SPOUT LEAD SCREW END PLATE",0,3,3,3,MIC 6,CLEAR ANODIZE,,DETAILED MACH,  ,45156,45162,45190,45190,55101,0,0,0,0,", 2x341.3, 1x640.8,",X,Q12-3338-4269, , ,,,
GF12.341.04,A,GF12.341.04.A,"GEARSHAFT SUPPORT 
BLOCK",0,2,2,2,6061-T6 Alum,Clear Anodize,,DETAILED MACH,shipped 9/29/23,45156,45162,45190,45190,55101,0,0,0,0,", 1x341.4, 1x640.9,", ,Q12-3338-4269, , ,,,
GF12.341.05,B,GF12.341.05.B,SPOUT STATION SIDE PLATE,0,2,2,2,MIC 6 ,CLEAR ANODIZE,,DETAILED MACH,shipped 9/29/23,45156,45162,45190,45190,55101,0,0,0,0,", 2x341.5,",X,Q12-3338-4269, , ,,,
GF12.342.01,A,GF12.342.01.A,"CYLINDER MOUNT PLATE - 
UPPER",0,2,2,2,MIC 6,Clear Anodize,,DETAILED MACH,shipped 9/29/23,45156,45162,45190,45190,55101,0,0,0,0,", 2x342.1,", ,Q12-3338-4269, , ,,,
GF12.342.02,A,GF12.342.02.A,Spout Seal Head,0,2,2,2,6061-T6 Alum,Hard Clear Anodize, ,BIG SKY,  ,45161,45161,45184,45184,55093,0,0,0,0,", 2x342.2,", ,Q48-7667-5481, , ,,,
GF12.342.03,A,GF12.342.03.A,P1B Spout Pilot,0,2,2,2,GLASS FILLED PTFE,None, ,BEMOX,  ,45161,45162,45192,45192,55100,0,0,0,0,", 2x342.3,", , , , ,,,
GF12.342.04,A,GF12.342.04.A,P1L Spout Pilot,0,2,2,2,GLASS FILLED PTFE,None, ,BEMOX,  ,45161,45162,45192,45192,55100,0,0,0,0,", 2x342.4,", , , , ,,,
GF12.342.05,A,GF12.342.05.A,SEAL MOUNT PLATE UPPER,0,2,2,2,6061-T6 Alum,Clear Anodize, ,NULINE,  ,N/A,N/A,N/A,N/A,N/A,0,0,0,0,", 2x342.5,", ,Q48-7667-5481, , ,,,
GF12.342.06,A,GF12.342.06.A,SEAL MOUNT PLATE LOWER,0,2,2,2,6061-T6 Alum,Clear Anodize, ,BIG SKY,  ,45161,45161,45184,45184,55093,0,0,0,0,", 2x342.6,", ,Q48-7667-5481, , ,,,
GF12.342.07,A,GF12.342.07.A,WEB CLAMP CYLINDER PLATE,0,2,2,2,6061-T6 Alum,Clear Anodize, ,NULINE,  ,N/A,N/A,N/A,N/A,N/A,0,0,0,0,", 2x342.7,", ,Q48-7667-5481, , ,,,
GF12.342.08,A,GF12.342.08.A,WEB CLAMP BAR,0,4,4,4,6061-T6 Alum,Clear Anodize, ,NULINE,  ,N/A,N/A,N/A,N/A,N/A,0,0,0,0,", 4x342.8,", ,Q48-7667-5481, , ,,,
GF12.342.09,A,GF12.342.09.A,SPOUT WEB CLAMP RUBBER,0,4,4,4,Silicone,None,N/A,NULINE,  ,N/A,N/A,N/A,N/A,N/A,0,0,0,0,", 4x342.9,", , , , ,,,
GF12.342.10,A,GF12.342.10.A,"MODIFIED MCM 4322K183 
TUBE FITTING",19.12,4,4,4,PURCHASED,None,N/A,"MCM, NULINE",  ,45160,45160,45161,45161,55086,19.12,0,0,0,", 4x342.10,", , , , ,,,
GF12.342.11,A,GF12.342.11.A,TEFLON PLATE,0,2,2,2,1018 CRS,Clear Zinc, ,NULINE,  ,N/A,N/A,N/A,N/A,N/A,0,0,0,0,", 2x342.11,", ,Q48-7667-5481, , ,,,
GF12.342.12,A,GF12.342.12.A,TEFLON HOLDER - SHORT,33.23,4,4,4,"AISI 304, 25 Gauge?",2B, ,WESCO BHT,  ,45159,45161,45191,45191,55092,33.23,0,0,0,", 4x342.12,", , , , ,,,
GF12.342.13,A,GF12.342.13.A,TEFLON HOLDER - LONG,33.44,4,4,4,"AISI 304, 25 Gauge?",2B, ,WESCO BHT,  ,45159,45161,45191,45191,55092,33.44,0,0,0,", 4x342.13,", , , , ,,,
GF12.342.14,A,GF12.342.14.A,SPOUT LEAD NUT BLOCK,57.74,8,8,8,6061-T6 Alum,Clear Anodize, ,XOMETRY,  ,45161,45161,45181,45181,55095,57.74,0,0,0,", 4x342.14, 2x343.14, 2x344.14,", ,Q48-7667-5481, , ,,,
GF12.342.15,A,GF12.342.15.A,MODIFIED IGUS JFRM-282835TR12X3 TRAP LEAD NUT,23.47,6,6,6,PURCHASED,None,N/A,"IGUS, NULINE",  ,45160,45160,45166,45166,55085,23.47,0,0,0,", 2x342.15, 1x343.15, 1x344.15, 1x650.3, 1x660.3,", , , , ,,,
GF12.342.16,B,GF12.342.16.B,"MODIFIED MCM 69945K139 
POLYCARBONATE 
ENCLOSURE",52.27,2,2,2,PURCHASED,None,N/A,"MCM, NULINE",  ,45160,45160,45161,45161,55086,52.27,0,0,0,", 2x342.16,", , , , ,,,
GF12.343.01,A,GF12.343.01.A,"CYLINDER MOUNT PLATE - 
LOWER",0,2,2,2,MIC 6,Clear Anodize,,DETAILED MACH,shipped 9/29/23,45156,45162,45190,45190,55101,0,0,0,0,", 1x343.1, 1x344.1,", ,Q12-3338-4269, , ,,,
GF12.343.02,A,GF12.343.02.A,LIFTER BASE - A SIDE,0,1,1,1,MIC 6,Hard Clear Anodize,,DETAILED MACH,shipped 9/25/23,45156,45162,45190,45190,55101,0,0,0,0,", 1x343.2,", , , , ,,,
GF12.343.03,A,GF12.343.03.A,SHUTTLE BLOCK MOUNT,0,2,2,2,6061-T6 Alum,Hard Clear Anodize, ,NULINE,  ,N/A,N/A,N/A,N/A,N/A,0,0,0,0,", 1x343.3, 1x344.3,", ,Q48-7667-5481, , ,,,
GF12.343.04,B,GF12.343.04.B,LIFT ANVIL,0,2,2,2,6061-T6 Alum,Hard Clear Anodize, ,BIG SKY,  ,45161,45161,45184,45184,55093,0,0,0,0,", 1x343.4, 1x344.4,", ,Q48-7667-5481, , ,,,
GF12.343.05,A,GF12.343.05.A,SHUTTLE BLOCK,0,2,2,2,6061-T6 Alum,Hard Clear Anodize, ,NULINE,  ,N/A,N/A,N/A,N/A,N/A,0,0,0,0,", 1x343.5, 1x344.5,", ,Q48-7667-5481, , ,,,
GF12.343.06,A,GF12.343.06.A,SPOUT LIFT RUBBER,0,2,2,2,Silicone,None,N/A,NULINE,  ,N/A,N/A,N/A,N/A,N/A,0,0,0,0,", 1x343.6, 1x344.6,", , , , ,,,
GF12.343.07,C,GF12.343.07.C,SHUTTLE MOUNT PLATE,0,2,2,2,MIC 6,Clear Anodize, ,NULINE,  ,N/A,N/A,N/A,N/A,N/A,0,0,0,0,", 1x343.7, 1x344.7,", ,Q48-7667-5481, , ,,,
GF12.343.08,B,GF12.343.08.B,"SHUTTLE WEB GUARD - A 
SIDE",188.7,1,1,1,"AISI 304, 1/16 in",2B, ,WESCO BHT,  ,45159,45161,45191,45191,55092,188.7,0,0,0,", 1x343.8,", , , , ,,,
GF12.343.09,A,GF12.343.09.A,"SPOUT ESCAPEMENT FINGER 
1",60.91,2,2,2,"AISI 304, 11 Gauge",2B, ,WESCO BHT,  ,45159,45161,45191,45191,55092,60.91,0,0,0,", 1x343.9, 1x344.9,", , , ,,,,
GF12.343.10,A,GF12.343.10.A,"SPOUT A SIDE ESCAPEMENT 
FINGER 2",118.77,1,1,1,"AISI 304, 11 Gauge",2B, ,WESCO BHT,  ,45159,45161,45191,45191,55092,118.77,0,0,0,", 1x343.10,", , , , ,,,
GF12.343.11,A,GF12.343.11.A,"ESCAPEMENT ADJUSTMENT 
PLATE - A SIDE",0,1,1,1,6061-T6 Alum,Clear Anodize, ,NULINE,  ,N/A,N/A,N/A,N/A,N/A,0,0,0,0,", 1x343.11,", ,Q48-7667-5481, , ,,,
GF12.343.12,B,GF12.343.12.B,GUIDE BRACKET,0,2,2,2,6061-T6 Alum,Clear Anodize, ,NULINE,  ,N/A,N/A,N/A,N/A,N/A,0,0,0,0,", 1x343.12, 1x344.12,", ,Q48-7667-5481, , ,,,
GF12.343.13,B,GF12.343.13.B,GRIPPER RAIL - A SIDE,122.27,1,1,1,"AISI 304, 1/16 in",2B, ,WESCO BHT,  ,45159,45161,45191,45191,55092,122.27,0,0,0,", 1x343.13,", , , , ,,,
GF12.344.02,A,GF12.344.02.A,LIFTER BASE - B SIDE,0,1,1,1,MIC 6,Hard Clear Anodize,,DETAILED MACH,shipped 9/25/23,45156,45162,45190,45190,55101,0,0,0,0,", 1x344.2,", , , , ,,,
GF12.344.08,B,GF12.344.08.B,"SHUTTLE WEB GUARD - B 
SIDE",189.3,1,1,1,"AISI 304, 1/16 in",2B, ,WESCO BHT,  ,45159,45161,45191,45191,55092,189.3,0,0,0,", 1x344.8,", , , , ,,,
GF12.344.10,A,GF12.344.10.A,"SPOUT B SIDE ESCAPEMENT 
FINGER 2",119.07,1,1,1,"AISI 304, 11 Gauge",2B, ,WESCO BHT,  ,45159,45161,45191,45191,55092,119.07,0,0,0,", 1x344.10,", , , , ,,,
GF12.344.11,A,GF12.344.11.A,"ESCAPEMENT ADJUSTMENT 
PLATE - B SIDE",0,1,1,1,6061-T6 Alum,Clear Anodize, ,NULINE,  ,N/A,N/A,N/A,N/A,N/A,0,0,0,0,", 1x344.11,", ,Q48-7667-5481, , ,,,
GF12.344.13,B,GF12.344.13.B,GRIPPER RAIL - B SIDE,122.27,1,1,1,"AISI 304, 1/16 in",2B, ,WESCO BHT,  ,45159,45161,45191,45191,55092,122.27,0,0,0,", 1x344.13,", , , , ,,,
GF12.345.01,A,GF12.345.01.A,"GEARED HANDWHEEL 
PLATE",0,3,3,3,6061-T6 Alum,Clear Anodize,,DETAILED MACH,shipped 9/25/23,45156,45162,45190,45190,55101,0,0,0,0,", 3x345.1,", ,Q12-3338-4269, , ,,,
GF12.345.02,A,GF12.345.02.A,MODIFIED MCM 7758K31 Pushbutton Enclosure,20.03,6,6,6,PURCHASED,None,N/A,"MCM, NULINE",  ,45160,45160,45161,45161,55086,20.03,0,0,0,", 3x345.2, 3x471.5,", , , , ,,,
GF12.345.03,A,GF12.345.03.A,Driven Gearshaft,61.38,3,3,3,303 SS - TG&P,None,N/A,"ALEXANDRIA, Big Sky",  ,N/A,45161,45180,45180,"55018, 55091",18.13,0,43.25,0,", 3x345.3,",X, , , ,,,
GF12.346.01,A,GF12.346.01.A,"CROSSWEB DUAL 
HANDWHEEL PLATE",0,2,2,2,6061-T6 Alum,Clear Anodize,,DETAILED MACH,shipped 9/25/23,45156,45162,45190,45190,55101,0,0,0,0,", 2x346.1,", ,Q12-3338-4269, , ,,,
GF12.346.02,A,GF12.346.02.A,Crossweb Handwheel Shaft,38.6,4,4,4,303 SS - TG&P,None,N/A,"ALEXANDRIA, Big Sky",  ,N/A,45161,45180,45180,"55018, 55091",8.1,0,30.5,0,", 4x346.2,",X, , , ,,,
GF12.346.03,A,GF12.346.03.A,"CROSSWEB EXTENSION 
PLATE",0,2,2,2,MIC 6,Clear Anodize,,DETAILED MACH,  ,45156,45162,45190,45190,55101,0,0,0,0,", 2x346.3,", ,Q12-3338-4269, , ,,,
GF12.346.04,A,GF12.346.04.A,EXTENSION PLATE SPACER,0,6,6,6,6061-T6 Alum,Clear Anodize,,DETAILED MACH,shipped 9/29/23,45156,45162,45190,45190,55101,0,0,0,0,", 4x341.10, 2x346.4,", ,Q12-3338-4269, , ,,,
GF12.400.01,A,GF12.400.01.A,MODIFIED BRX 3842523578 90X90 GUSSET SET,0,2,0,,PURCHASED,None,N/A,"AAP, NULINE",STOCK PART RECEIVED. NULINE TO MODIFY,45162,45162,45197,45197,55169,0,0,0,0,", 2x400.1,", , , , ,,,
GF12.410.05,A,GF12.410.05.A,MODIFIED IGUS JFRM 2835TR16X4 LEAD NUT,26.56,12,12,12,PURCHASED,None,N/A,"IGUS, NULINE",Nuline add center clearance hole,45160,45160,45166,45166,55085,26.56,0,0,0,", 2x410.1, 2x420.1, 2x430.1, 2x440.1, 2x450.1, 2x460.1,", , , , ,,,
GF12.411.01,A,GF12.411.01.A,LINEAR BEARING BLOCK,0,32,34,34,6061-T6 Alum,Clear Anodize,NO,FRONTIER,  ,45139,45140,45170,45170,55025,0,0,0,0,", 24x411.1, 8x511.1,",X, , ,,,,
GF12.411.02,A,GF12.411.02.A,SIDE SEAL SIDE PLATE L,183.17,6,6,6,6061-T6 Alum,Clear Anodize,NO,BEMOX,  ,45142,45146,45170,45170,55041,183.17,0,0,0,", 6x411.2,",X, , ,,,,
GF12.411.03,A,GF12.411.03.A,SIDE SEAL SIDE PLATE R,183.17,6,6,6,6061-T6 Alum,Clear Anodize,NO,BEMOX,  ,45142,45146,45170,45170,55041,183.17,0,0,0,", 6x411.3,",X, , ,,,,
GF12.411.04,A,GF12.411.04.A,SIDE SEAL CASSETTE STRUT,163.67,6,6,6,6061-T6 Alum,Clear Anodize,NO,BEMOX,  ,45142,45146,45170,45170,55041,163.67,0,0,0,", 6x411.4,",X, , ,,,,
GF12.412.01,A,GF12.412.01.A,SIDE SEAL CRANK SHAFT,53.79,6,6,6,303 SS - TG&P,None,N/A,"ALEXANDRIA, Nuline",  ,N/A,N/A,N/A,N/A,55018,53.79,0,0,0,", 3x412.1, 3x422.1,",X, , , ,,,
GF12.412.02,A,GF12.412.02.A,SEAL BAR GEARBOX PLATE,0,8,8,8,6061-T6 Alum,Clear Anodize,NO,FRONTIER,  ,45139,45140,45170,45170,55025,0,0,0,0,", 3x412.2, 3x422.2, 1x512.2, 1x522.2,", , , ,Flying Knife Guard,118.57,1,118.57
GF12.412.03,A,GF12.412.03.A,SMALL GEARBOX OFFSET BLOCK,0,16,16,16,6061-T6 Alum,Clear Anodize,NO,FRONTIER,  ,45139,45140,45170,45170,55025,0,0,0,0,", 6x412.3, 6x422.3, 2x512.3, 2x522.3,", , , ,Lower Panel 1 (1748x584),180,1,180
GF12.412.04,B,GF12.412.04.B,LARGE GEARBOX OFFSET BLOCK,0,8,8,8,6061-T6 Alum,Clear Anodize,NO,FRONTIER,  ,45139,45140,45170,45170,55025,0,0,0,0,", 3x412.4, 3x422.4, 1x512.4, 1x522.4,", , , ,Lower Panel 2 (1748x731),206,1,206
GF12.412.05,B,GF12.412.05.B,CRANKSHAFT BEARING MOUNT PLATE,0,16,16,16,6061-T6 Alum,Clear Anodize,NO,FRONTIER,  ,45139,45140,45170,45170,55025,0,0,0,0,", 6x412.5, 6x422.5, 2x512.5, 2x522.5,", , , ,Lower Panel 3 (366x731),55,4,220
GF12.413.01,A,GF12.413.01.A,LOWER SIDE SEAL BAR,285.84,3,3,3,MIC 6 ,Hard Clear Anodize,YES,XOMETRY,  ,45084,45127,45156,45156,55003,285.84,0,0,0,", 2x413.1, 1x453.1,",X,Q09-7657-7043, ,Lower Panel 4 (797x731),112,2,224
GF12.413.02,A,GF12.413.02.A,SIDE SEAL MID BAR ,146.12,6,6,6,MIC 6 ,Hard Clear Anodize,NO,XOMETRY,Nuline add 2x M4 Taps,45084,45127,45156,45156,55003,146.12,0,0,0,", 2x413.2, 2x423.2, 1x453.2, 1x463.2,",X,Q09-7657-7043, ,Lower Panel 5 (766x731),112,2,224
GF12.413.03,A,GF12.413.03.A,SIDE SEAL DIE CAP,201.45,6,6,6,MIC 6 ,Hard Clear Anodize,NO,XOMETRY,  ,45084,45127,45156,45156,55003,201.45,0,0,0,", 2x413.3, 2x423.3, 1x453.3, 1x463.3,",X,Q09-7657-7043, ,Lower Panel 6 (1726x731),135.22,2,270.44
GF12.413.04,A,GF12.413.04.A,SIDE SEAL MOUNTING TUBE ,402.88,6,6,6,"3""x3"" 1018 Rec Tube",Clear Zinc,YES,XOMETRY,  ,45084,45149,45177,45177,55053,402.88,0,0,0,", 2x413.4, 2x423.4, 1x453.4, 1x463.4,", ,Q57-7109-9309,275A2-1504C,Lower Panel 7 (612x731),112.3,2,224.6
GF12.413.05,A,GF12.413.05.A,LOWER SIDE SEAL SILICONE,0,3,3,3,Silicone,None,N/A,NULINE,  ,N/A,N/A,N/A,N/A,N/A,0,0,0,0,", 2x413.5, 1x453.5,", , , ,End Clear Panel Guard,204,1,204
GF12.413.06,A,GF12.413.06.A,"MODIFIED MCM 9604T190 STEEL FLANGED SHAFT COLLAR, 30MM DIA",0,16,0,16,PURCHASED,None,N/A,"MCM, NULINE",  ,N/A,N/A,N/A,N/A,N/A,0,0,0,0,", 4x413.6, 4x423.5, 2x453.6, 2x463.5, 2x513.6, 2x523.5,",,,,Lower Dancer-Nip Guard,180,1,180
GF12.414.01,B,GF12.414.01.B,CRANKSHAFT BLOCK,0,16,18,18,1018 CRS,Clear Zinc,NO,FRONTIER,  ,45139,45140,45170,45170,55025,0,0,0,0,", 16x414.1,", , , ,Center Dancer-Nip Guard,187.55,1,187.55
GF12.414.02,B,GF12.414.02.B,LINEAR SHAFT CLAMP,0,16,18,18,1018 CRS,Clear Zinc,NO,FRONTIER,  ,45139,45140,45170,45170,55025,0,0,0,0,", 16x414.2,", , , ,Upper Dancer-Nip Guard,170,1,170
GF12.414.04,A,GF12.414.04.A,MODIFIED MCM 6536N71 M20 X 1.5 ROD END,0,32,32,32,PURCHASED,None,N/A,"MCM, NULINE",  ,N/A,N/A,N/A,N/A,N/A,0,0,0,0,", 32x414.3,", , , ,Unwind Clear Panel,112,2,224
GF12.414.05,A,GF12.414.05.A,MODIFIED MCM 95245A155 STEEL ROD,0,16,16,16,PURCHASED,None,N/A,"MCM, NULINE",  ,N/A,N/A,N/A,N/A,N/A,0,0,0,0,", 16x414.4,", , , ,,,,
GF12.415.01,B,GF12.415.01.B,RUNNER BLOCK PLATE,0,24,24,24,6061-T6 Alum,Clear Anodize,NO,FRONTIER,  ,45139,45140,45170,45170,55025,0,0,0,0,", 24x415.1,", , , ,,,,
GF12.416.01,A,GF12.416.01.A,SIDE SEAL TEFLON ROLL SHAFT,0,12,0,,303 SS - TG&P,None,N/A,"ALEXANDRIA, NULINE",,N/A,N/A,N/A,N/A,N/A,,,,,", 12x416.1,",,,,,,,
GF12.416.02,A,GF12.416.02.A,TEFLON ROLL CLAMP,0,32,32,32,1018 CRS,Clear Zinc,NO,FRONTIER,,45209,45210,45216,45216,55203,0,0,0,0,", 24x416.2, 8x516.2,",,,,,,,
GF12.416.03,A,GF12.416.03.A,TEFLON ROLL BRACKET,0,32,32,32,1018 CRS,Clear Zinc,NO,FRONTIER,,45209,45210,45216,45216,55203,0,0,0,0,", 24x416.3, 8x516.3,",,,,Diverter Guard,500,1,500
GF12.423.01,A,GF12.423.01.A,UPPER SIDE SEAL BAR,303.24,2,3,3,MIC 6 ,Hard Clear Anodize,NO,XOMETRY,  ,45084,45127,45156,45156,55003,303.24,0,0,0,", 2x423.1,",X,Q09-7657-7043, ,Diverter Guard,500,1,500
GF12.463.01,A,GF12.463.01.A,UPPER CENTER SIDE SEAL BAR,372.18,1,2,2,MIC 6 ,Hard Clear Anodize,NO,XOMETRY,  ,45084,45127,45156,45156,55003,372.18,0,0,0,", 1x463.1,",X,Q09-7657-7043, , ,,,3633.16
GF12.470.01,B,GF12.470.01.B,"LEAD SCREW PLATE, SIDE SEAL",413.5,2,2,2,MIC 6 ,Clear Anodize,NO,BEMOX,  ,45142,45146,45170,45170,55041,413.5,0,0,0,", 2x470.1,", , , , ,,,
GF12.470.02,B,GF12.470.02.B,HANDWHEEL GEAR PLATE,407,1,1,1,MIC 6 ,Clear Anodize,NO,BEMOX,  ,45142,45146,45170,45170,55041,407,0,0,0,", 1x470.2,", , , , ,,,
GF12.470.03,B,GF12.470.03.B,"LEAD SCREW END PLATE, SIDE SEAL",199,2,2,2,MIC 6 ,Clear Anodize,NO,BEMOX,  ,45142,45146,45170,45170,55041,199,0,0,0,", 2x470.3,", , , ,,,,
GF12.470.04,A,GF12.470.04.A,TENSIONER CAP WASHER,1.98,20,25,,303 SS - TG&P,None,N/A,XOMETRY,,45228,45228,45238,45237,55254,1.98,0,0,0,", 5x341.11, 2x346.7, 9x470.4, 4x640.14,",,,,,,,
GF12.470.05,A,GF12.470.05.A,TENSIONER CAP BRACKET,2.38,14,19,,303 SS - TG&P,None,N/A,XOMETRY,,45228,45228,45238,45237,55254,2.38,0,0,0,", 5x341.12, 2x346.8, 3x470.5, 4x640.15,",,,, ,,,
GF12.471.01,B,GF12.471.01.B,"HANDWHEEL PLATE, 12mm to 14mm, SIDE SEAL",0,1,1,1,MIC 6 ,Clear Anodize,NO,FRONTIER,  ,45139,45140,45170,45170,55025,0,0,0,0,", 1x471.1,", , , , ,,,
GF12.471.02,A,GF12.471.02.A,SIDE SEAL HANDWHEEL SHAFT,60.1,3,3,3,303 SS - TG&P,None,N/A,"ALEXANDRIA, BIG Sky", ,N/A,45161,45180,45180,"55018, 55091",10.1,0,50,0,", 3x471.2,", , , , ,,,
GF12.472.01,A,GF12.472.01.A,SIDE SEAL RAIL PLATE,0,24,24,24,MIC 6,Clear Anodize,NO,FRONTIER,  ,45139,45140,45170,45170,55025,0,0,0,0,", 24x472.1,", , , , ,,,
GF12.473.01,A,GF12.473.01.A,MODIFIED Hammond C3RWT436 4x4x36in Wiring Trough,88,2,2,2,PURCHASED,None,N/A,"AUTODIR, NULINE",  ,45160,45160,45163,45162,55084,88,0,0,0,", 2x473.1,", , , , ,,,
GF12.511.01,A,GF12.511.01.A,CROSS SEAL SIDE PLATE L,243.5,2,2,2,MIC 6,Clear Anodize,NO,BEMOX,  ,45142,45146,45170,45170,55041,243.5,0,0,0,", 2x511.2,", , , , ,,,
GF12.511.02,A,GF12.511.02.A,CROSS SEAL SIDE PLATE R,243.5,2,2,2,MIC 6,Clear Anodize,NO,BEMOX,  ,45142,45146,45170,45170,55041,243.5,0,0,0,", 2x511.3,", , , , ,,,
GF12.511.03,A,GF12.511.03.A,CROSS SEAL CASSETTE STRUT,261,2,2,2,MIC 6,Clear Anodize,NO,BEMOX,  ,45142,45146,45170,45170,55041,261,0,0,0,", 2x511.4,", , , , ,,,
GF12.513.01,A,GF12.513.01.A,LOWER CROSS SEAL BAR,397.88,1,1,1,MIC 6 ,Hard Clear Anodize,NO,XOMETRY,  ,45084,45127,45156,45156,55003,397.88,0,0,0,", 1x513.1,",X,Q09-7657-7043, , ,,,
GF12.513.02,A,GF12.513.02.A,CROSS SEAL MID BAR,266.51,2,2,2,MIC 6 ,Hard Clear Anodize,NO,XOMETRY,Nuline add 2x M4 Taps,45084,45127,45156,45156,55003,266.51,0,0,0,", 1x513.2, 1x523.2,",X,Q09-7657-7043, , ,,,
GF12.513.03,A,GF12.513.03.A,CROSS SEAL DIE CAP,395.2,2,2,2,MIC 6 ,Hard Clear Anodize,NO,XOMETRY,  ,45084,45127,45156,45156,55003,395.2,0,0,0,", 1x513.3, 1x523.3,",X,Q09-7657-7043, , ,,,
GF12.513.04,A,GF12.513.04.A,CROSS SEAL MOUNTING TUBE,830.63,2,2,2,"3""x3"" 1018 Rec Tube",Clear Zinc,YES,XOMETRY,  ,45084,45149,45177,45177,55053,830.63,0,0,0,", 1x513.4, 1x523.4,", ,Q57-7109-9309,275A2-1504C, ,,,
GF12.513.05,A,GF12.513.05.A,LOWER CROSS SEAL SILICONE,0,1,2,2,Silicone,None,N/A,NULINE,  ,N/A,N/A,N/A,N/A,N/A,0,0,0,0,", 1x513.5,", , , , ,,,
GF12.514.01,A,GF12.514.01.A,MODIFIED Hammond C3RWT412 Wiring Trough 1 Plug,33,2,2,2,PURCHASED,None,N/A,"AUTODIR, NULINE",  ,45160,45160,45163,45162,55084,33,0,0,0,", 2x514.1,", , , , ,,,
GF12.515.01,A,GF12.515.01.A,MODIFIED Hammond C3RWT412 Wiring Trough 2 Plugs,33,2,2,2,PURCHASED,None,N/A,"AUTODIR, NULINE",  ,45160,45160,45163,45162,55084,33,0,0,0,", 2x515.1,", , , , ,,,
GF12.516.01,A,GF12.516.01.A,CROSS SEAL TEFLON ROLL SHAFT,0,4,0,,303 SS - TG&P,None,N/A,"ALEXANDRIA, NULINE",,N/A,N/A,N/A,N/A,N/A,,,,,", 4x516.1,",,,, ,,,
GF12.522.01,B,GF12.522.01.B,CROSS SEAL CRANKSHAFT,73.4,2,2,2,303 SS - TG&P,None,N/A,"ALEXANDRIA, Nuline",  ,N/A,N/A,N/A,N/A,55018,73.4,0,0,0,", 1x512.1, 1x522.1,", , , , ,,,
GF12.523.01,A,GF12.523.01.A,UPPER CROSS SEAL BAR,466.92,1,2,2,MIC 6 ,Hard Clear Anodize,NO,XOMETRY,  ,45084,45127,45156,45156,55003,466.92,0,0,0,", 1x523.1,",X,Q09-7657-7043, , ,,,
GF12.530.01,C,GF12.530.01.C,CROSS SEAL SIDE PLATE,992.5,2,2,2,MIC 6,Clear Anodize,NO,BEMOX,  ,45141,45141,45171,45171,55029,992.5,0,0,0,", 2x530.1,",X, , , ,,,
GF12.530.02,B,GF12.530.02.B,GEARSHAFT SUPPORT BLOCK,0,1,1,1,6061-T6 Alum,Clear Anodize,NO,FRONTIER,  ,45139,45140,45170,45170,55025,0,0,0,0,", 1x530.2,", , , , ,,,
GF12.530.03,A,GF12.530.03.A,"JOINING GEARSHAFT, 12MM",48.52,3,3,3,303 SS - TG&P,None,N/A,"ALEXANDRIA, Nuline", ,N/A,N/A,N/A,N/A,55018,48.52,0,0,0,", 1x341.6, 1x530.3, 1x640.10,",X, , , ,,,
GF12.530.05,A,GF12.530.05.A,"IDLER GEARSHAFT, CROSS SEAL",35.86,3,3,3,303 SS - TG&P,None,N/A,"ALEXANDRIA, Big Sky",  ,N/A,45161,45180,45180,"55018, 55091",5.86,0,30,0,", 1x341.7, 1x530.5, 1x640.11,",X, , , ,,,
GF12.530.06,A,GF12.530.06.A,BRL 15mm RUNNER BLOCK SPACER,0,16,16,16,6061-T6 Alum,Clear Anodize,NO,FRONTIER,  ,45139,45140,45170,45170,55025,0,0,0,0,", 4x341.8, 8x530.6, 4x640.12,",X, , , ,,,
GF12.530.07,A,GF12.530.07.A,ZIMMER 15mm BRAKE SPACER,0,8,8,8,6061-T6 Alum,Clear Anodize,NO,FRONTIER,  ,45139,45140,45170,45170,55025,0,0,0,0,", 2x341.9, 4x530.7, 2x640.13,",X, , , ,,,
GF12.540.01,A,GF12.540.01.A,Toe Roller Post RH,0,3,3,3,6061-T6 Alum,Clear Anodize,,FRONTIER,,45201,45202,45216,45216,55179,0,0,0,0,", 3x540.1,",, , , ,,,
GF12.540.02,A,GF12.540.02.A,Toe Roller Post LH,0,3,3,3,6061-T6 Alum,Clear Anodize,,FRONTIER,,45201,45202,45216,45216,55179,0,0,0,0,", 3x540.2,",, , , ,,,
GF12.540.03,A,GF12.540.03.A,Toe Roller Post Mount,0,6,6,6,6061-T6 Alum,Clear Anodize,,BIG SKY,,45201,45202,45216,45216,55178,0,0,0,0,", 6x540.3,",, , , ,,,
GF12.540.04,A,GF12.540.04.A,Toe Roller Weight,0,6,6,6,1018 CRS,Clear Zinc,,BIG SKY,,45201,45202,45216,45216,55178,0,0,0,0,", 6x540.4,",, , , ,,,
GF12.540.05,A,GF12.540.05.A,Pivot Shaft,0,6,6,6,303 SS - TG&P,NONE,,BIG SKY,material supplied by NuLine,45201,45202,45216,45216,55178,0,0,0,0,", 6x540.5,",, , , ,,,
GF12.540.06,A,GF12.540.06.A,Stationary Shaft,0,6,6,6,303 SS - TG&P,NONE,,BIG SKY,material supplied by NuLine,45201,45202,45216,45216,55178,0,0,0,0,", 6x540.6,",, , , ,,,
GF12.610.01,A,GF12.610.01.A,Cap Bowl Rail Plate,513.5,2,2,2,6061-T6 Alum,Clear Anodize,NO,BEMOX,  ,45141,45141,45171,45171,55029,513.5,0,0,0,", 2x610.1,",X, , , ,,,
GF12.631.10,A,GF12.631.10.A,Diverter Guard,333.5,1,1,1,Polycarb,None,N/A,CURBELL PLASTICS,3 WEEKS FROM 9/27,45194,45196,45219,45219,55166,333.5,0,0,0,", 1x631.10,", , , , ,,,
GF12.632.01,A,GF12.632.01.A,Cap Rail Bracket,35.02,10,11,11,6061-T6 Alum,Clear Anodize, ,XOMETRY,  ,45161,45161,45181,45181,55095,35.02,0,0,0,", 2x632.1, 4x633.1, 4x634.3,", , , , ,,,
GF12.632.02,A,GF12.632.02.A,Cap Rail 1-A Side,114.47,1,1,1,"AISI 304, 1/16 in",2B, ,WESCO BHT,  ,45159,45161,45191,45191,55092,114.47,0,0,0,", 1x632.2,", , , , ,,,
GF12.632.03,A,GF12.632.03.A,Cap Rail 2-A Side,113.87,1,1,1,"AISI 304, 1/16 in",2B, ,WESCO BHT,  ,45159,45161,45191,45191,55092,113.87,0,0,0,", 1x632.3,", , , , ,,,
GF12.632.04,A,GF12.632.04.A,Cap Rail 3-A Side,113.5,1,1,1,"AISI 304, 1/16 in",2B, ,WESCO BHT,  ,45159,45161,45191,45191,55092,113.5,0,0,0,", 1x632.4,", , , , ,,,
GF12.632.05,A,GF12.632.05.A,Cap Rail 4-A Side,114.47,1,1,1,"AISI 304, 1/16 in",2B, ,WESCO BHT,  ,45159,45161,45191,45191,55092,114.47,0,0,0,", 1x632.5,", , , , ,,,
GF12.632.06,A,GF12.632.06.A,Cap Rail Top 1 A-Side,93.55,1,1,1,"AISI 304, 11 Gauge",2B, ,WESCO BHT,  ,45159,45161,45191,45191,55092,93.55,0,0,0,", 1x632.6,", , , , ,,,
GF12.632.07,A,GF12.632.07.A,Cap Rail Top 2 A-Side,92.68,1,1,1,"AISI 304, 11 Gauge",2B, ,WESCO BHT,  ,45159,45161,45191,45191,55092,92.68,0,0,0,", 1x632.7,", , , , ,,,
GF12.632.08,A,GF12.632.08.A,Cap Rail Top 3 A-Side,92.14,1,1,1,"AISI 304, 11 Gauge",2B, ,WESCO BHT,  ,45159,45161,45191,45191,55092,92.14,0,0,0,", 1x632.8,", , , , ,,,
GF12.632.09,A,GF12.632.09.A,Cap Rail Top 4 A-Side,93.55,1,1,1,"AISI 304, 11 Gauge",2B, ,WESCO BHT,  ,45159,45161,45191,45191,55092,93.55,0,0,0,", 1x632.9,", , , , ,,,
GF12.632.10,A,GF12.632.10.A,Cap Rail Top 5,34.02,4,4,4,"AISI 304, 11 Gauge",2B, ,WESCO BHT,  ,45159,45161,45191,45191,55092,34.02,0,0,0,", 2x632.10, 2x633.10,", , , , ,,,
GF12.632.11,B,GF12.632.11.B,Cap Rail Slide Bracket 1,0,4,4,4,Delrin - White,None, ,NULINE,,N/A,N/A,N/A,N/A,N/A,0,0,0,0,", 2x632.11, 2x633.11,", , , , ,,,
GF12.632.12,B,GF12.632.12.B,Cap Rail Slide Bracket 2,0,6,6,6,Delrin - White,None, ,NULINE,  ,N/A,N/A,N/A,N/A,N/A,0,0,0,0,", 2x632.12, 4x633.12,", , , , ,,,
GF12.632.13,A,GF12.632.13.A,Cap Rail-Center,34.02,4,4,4,"AISI 304, 1/16 in",2B, ,WESCO BHT,  ,45159,45161,45191,45191,55092,34.02,0,0,0,", 2x632.13, 2x633.13,", , , , ,,,
GF12.632.14,A,GF12.632.14.A,Cap Rail Tie-Side A,127.45,1,1,1,"AISI 304, 11 Gauge",2B, ,WESCO BHT,  ,45159,45161,45191,45191,55092,127.45,0,0,0,", 1x632.14,", , , , ,,,
GF12.633.02,A,GF12.633.02.A,Cap Rail 1-B Side,132.7,1,1,1,"AISI 304, 1/16 in",2B, ,WESCO BHT,  ,45159,45161,45191,45191,55092,132.7,0,0,0,", 1x633.2,", , , , ,,,
GF12.633.03,A,GF12.633.03.A,Cap Rail 2-B Side,132.7,1,1,1,"AISI 304, 1/16 in",2B, ,WESCO BHT,  ,45159,45161,45191,45191,55092,132.7,0,0,0,", 1x633.3,", , , , ,,,
GF12.633.04,A,GF12.633.04.A,Cap Rail 3-B Side,135.57,1,1,1,"AISI 304, 1/16 in",2B, ,WESCO BHT,  ,45159,45161,45191,45191,55092,135.57,0,0,0,", 1x633.4,", , , , ,,,
GF12.633.05,A,GF12.633.05.A,Cap Rail 4-B Side,132.7,1,1,1,"AISI 304, 1/16 in",2B, ,WESCO BHT,  ,45159,45161,45191,45191,55092,132.7,0,0,0,", 1x633.5,", , , , ,,,
GF12.633.06,A,GF12.633.06.A,Cap Rail Top 1 B-Side,93.73,1,1,1,"AISI 304, 11 Gauge",2B, ,WESCO BHT,  ,45159,45161,45191,45191,55092,93.73,0,0,0,", 1x633.6,", , , , ,,,
GF12.633.07,A,GF12.633.07.A,Cap Rail Top 2 B-Side,99.52,1,1,1,"AISI 304, 11 Gauge",2B, ,WESCO BHT,  ,45159,45161,45191,45191,55092,99.52,0,0,0,", 1x633.7,", , , , ,,,
GF12.633.08,A,GF12.633.08.A,Cap Rail Top 3 B-Side,99.52,1,1,1,"AISI 304, 11 Gauge",2B, ,WESCO BHT,  ,45159,45161,45191,45191,55092,99.52,0,0,0,", 1x633.8,", , , , ,,,
GF12.633.09,A,GF12.633.09.A,Cap Rail Top 4 B-Side,99.52,1,1,1,"AISI 304, 11 Gauge",2B, ,WESCO BHT,  ,45159,45161,45191,45191,55092,99.52,0,0,0,", 1x633.9,", , , , ,,,
GF12.633.14,A,GF12.633.14.A,Cap Rail Tie-Side B,127.45,1,1,1,"AISI 304, 11 Gauge",2B, ,WESCO BHT,  ,45159,45161,45191,45191,55092,127.45,0,0,0,", 1x633.14,", , , , ,,,
GF12.634.01,A,GF12.634.01.A,Cap Pre-Diverter Rail,74.2,2,2,2,AISI 304,2B, ,WESCO BHT,  ,45159,45161,45191,45191,55092,74.2,0,0,0,", 2x634.1,", , , , ,,,
GF12.634.02,A,GF12.634.02.A,Cap Pre-Diverter Top Rail,77.07,2,2,2,AISI 304,2B, ,WESCO BHT,  ,45159,45161,45191,45191,55092,77.07,0,0,0,", 2x634.2,", , , , ,,,
GF12.640.01,B,GF12.640.01.B,CAP STATION SIDE PLATE,0,2,2,2,MIC 6,CLEAR ANODIZE,,DETAILED MACH,shipped 9/28/23,45156,45162,45190,45190,55101,0,0,0,0,", 2x640.1,",X, , , ,,,
GF12.640.02,A,GF12.640.02.A,WEB ANVIL,211.6,1,1,1,AISI 304,2B, ,WESCO BHT,  ,45159,45161,45191,45191,55092,211.6,0,0,0,", 1x640.2,", , , , ,,,
GF12.640.03,A,GF12.640.03.A,LINEAR SHAFT MOUNT,0,8,8,8,6061-T6 Alum,Clear Anodize,,DETAILED MACH,shipped 9/29/23,45156,45162,45190,45190,55101,0,0,0,0,", 8x640.3,", , , , ,,,
GF12.640.04,A,GF12.640.04.A,LINEAR SHAFT CAP,0,8,8,8,1018 COLD ROLLED STEEL,Clear Zinc,,DETAILED MACH,shipped 9/25/23,45156,45162,45190,45190,55101,0,0,0,0,", 8x640.4,", , , , ,,,
GF12.640.05,B,GF12.640.05.B,LINEAR SHAFT SUPPORT,0,2,2,2,6061-T6 Alum,Clear Anodize,,DETAILED MACH,shipped 9/28/23,45156,45162,45190,45190,55101,0,0,0,0,", 2x640.5,", , , , ,,,
GF12.640.06,A,GF12.640.06.A,LINEAR SHAFT BRACKET,0,2,2,2,6061-T6 Alum,Clear Anodize,,DETAILED MACH,shipped 9/25/23,45156,45162,45190,45190,55101,0,0,0,0,", 2x640.6,", , , , ,,,
GF12.650.01,B,GF12.650.01.B,PnP Plate,0,2,2,2,MIC 6,CLEAR ANODIZE,,DETAILED MACH,  ,45156,45162,45190,45190,55101,0,0,0,0,", 1x650.1, 1x660.1,", , , ,,,,
GF12.650.02,A,GF12.650.02.A,Vertical Cylinder Block,0,2,2,2,6061-T6 Alum,Clear Anodize,,DETAILED MACH,shipped 9/29/23,45156,45162,45190,45190,55101,0,0,0,0,", 2x656.1,", , , , ,,,
GF12.650.03,A,GF12.650.03.A,Misumi Bearing Spacer,0,8,8,8,6061-T6 Alum,Clear Anodize,,DETAILED MACH,shipped 9/29/23,45156,45162,45190,45190,55101,0,0,0,0,", 4x650.2, 4x660.2,", , , , ,,,
GF12.650.04,A,GF12.650.04.A,Vacuum Plug-P2L Cap,0,2,2,2,6061-T6 Alum,Hard Clear Anodize,,DETAILED MACH,shipped 9/25/23,45156,45162,45190,45190,55101,0,0,0,0,", 2x656.2,", , , , ,,,
GF12.650.05,A,GF12.650.05.A,Vacuum Plug-P2B Cap,0,2,2,2,6061-T6 Alum,Hard Clear Anodize,,DETAILED MACH,shipped 9/25/23,45156,45162,45190,45190,55101,0,0,0,0,", 2x656.3,", , , , ,,,
GF12.650.06,A,GF12.650.06.A,Cylinder Stop,0,2,2,2,1018 COLD ROLLED STEEL,Clear Zinc,,DETAILED MACH,shipped 9/25/23,45156,45162,45190,45190,55101,0,0,0,0,", 2x656.4,", , , , ,,,
GF12.651.01,B,GF12.651.01.B,Cylinder Stop Base,0,4,4,4,1018 COLD ROLLED STEEL,Clear Zinc,,DETAILED MACH,shipped 9/25/23,45156,45162,45190,45190,55101,0,0,0,0,", 2x651.1, 2x652.1,", , , , ,,,
GF12.651.02,A,GF12.651.02.A,Stop Adjustment Block,0,4,4,4,1018 COLD ROLLED STEEL,Clear Zinc,,DETAILED MACH,shipped 9/29/23,45156,45162,45190,45190,55101,0,0,0,0,", 2x651.2, 2x652.2,", , , , ,,,
GF12.651.03,A,GF12.651.03.A,Cylinder Stop,0,4,4,4,1018 COLD ROLLED STEEL,Clear Zinc,,DETAILED MACH,shipped 9/29/23,45156,45162,45190,45190,55101,0,0,0,0,", 2x651.3, 2x652.3,", , , , ,,,
GF12.651.04,A,GF12.651.04.A,Cylinder Stop Clamp,0,8,8,8,1018 COLD ROLLED STEEL,Clear Zinc,,DETAILED MACH,shipped 9/25/23,45156,45162,45190,45190,55101,0,0,0,0,", 4x651.4, 4x652.4,", , , , ,,,
GF12.653.01,A,GF12.653.01.A,ESCAPEMENT OFFSET PLATE A SIDE,0,2,2,2,6061-T6 Alum,Clear Anodize,,DETAILED MACH,shipped 9/25/23,45156,45162,45190,45190,55101,0,0,0,0,", 1x653.1, 1x663.1,", , , , ,,,
GF12.653.02,A,GF12.653.02.A,ESCAPEMENT ADJUSTMENT PLATE,0,2,2,2,6061-T6 Alum,Clear Anodize,,DETAILED MACH,shipped 9/25/23,45156,45162,45190,45190,55101,0,0,0,0,", 1x653.2, 1x663.2,", , , , ,,,
GF12.653.03,A,GF12.653.03.A,Cap Escapement Finger-1,45.33,2,2,2,AISI 304,2B, ,WESCO BHT,  ,45159,45161,45191,45191,55092,45.33,0,0,0,", 1x653.3, 1x663.3,", , , , ,,,
GF12.653.04,A,GF12.653.04.A,P2L Escapement Finger-2 A-Side,123.63,1,1,1,AISI 304,2B, ,WESCO BHT,  ,45159,45161,45191,45191,55092,123.63,0,0,0,", 1x653.4,", , , , ,,,
GF12.653.05,A,GF12.653.05.A,P2B Escapement Finger-2 A Side,123.63,1,1,1,AISI 304,2B, ,WESCO BHT,  ,45159,45161,45191,45191,55092,123.63,0,0,0,", 1x653.5,", , , , ,,,
GF12.654.01,A,GF12.654.01.A,Gripper Mount Block,0,2,2,2,6061-T6 Alum,Clear Anodize,,DETAILED MACH,shipped 9/29/23,45156,45162,45190,45190,55101,0,0,0,0,", 1x654.1, 1x664.1,", , , , ,,,
GF12.654.02,A,GF12.654.02.A,Gripper Adjustment Plate,0,2,2,2,6061-T6 Alum,Clear Anodize,,DETAILED MACH,shipped 9/25/23,45156,45162,45190,45190,55101,0,0,0,0,", 1x654.2, 1x664.2,", , , , ,,,
GF12.654.03,A,GF12.654.03.A,P1B Spout Gripper LH,153.05,2,2,2,6061-T6 Alum,Hard Clear Anodize,NO,XOMETRY,  ,45188,45188,45204,45204,55159,153.05,0,0,0,", 1x654.3, 1x664.3,", , , , ,,,
GF12.654.04,A,GF12.654.04.A,P1B Spout Gripper RH,153.97,2,2,2,6061-T6 Alum,Hard Clear Anodize,NO,XOMETRY,  ,45188,45188,45204,45204,55159,153.97,0,0,0,", 1x654.4, 1x664.4,", , , ,,,,
GF12.654.05,A,GF12.654.05.A,P1L Spout Gripper LH,155.03,2,2,2,6061-T6 Alum,Hard Clear Anodize,NO,XOMETRY,  ,45188,45188,45204,45204,55159,155.03,0,0,0,", 1x654.5, 1x664.5,", , , ,,,,
GF12.654.06,A,GF12.654.06.A,P1L Spout Gripper RH,156.34,2,2,2,6061-T6 Alum,Hard Clear Anodize,NO,XOMETRY,  ,45188,45188,45204,45204,55159,156.34,0,0,0,", 1x654.6, 1x664.6,", , , ,,,,
GF12.655.01,A,GF12.655.01.A,Dead Nest Mount Block,0,2,2,2,6061-T6 Alum,Clear Anodize,,DETAILED MACH,shipped 9/29/23,45156,45162,45190,45190,55101,0,0,0,0,", 1x655.1, 1x665.1,", , , ,,,,
GF12.655.02,B,GF12.655.02.B,Dead Nest Adjustment Block,0,2,2,2,1018 COLD ROLLED STEEL,Clear Zinc,,DETAILED MACH,shipped 9/25/23,45156,45162,45190,45190,55101,0,0,0,0,", 1x655.2, 1x665.2,", , , ,,,,
GF12.655.03,A,GF12.655.03.A,Dead Nest Bracket,0,2,2,2,6061-T6 Alum,Clear Anodize,,DETAILED MACH,shipped 9/28/23,45156,45162,45190,45190,55101,0,0,0,0,", 1x655.3, 1x665.3,", , , , ,,,
GF12.655.04,A,GF12.655.04.A,Dead Nest Plate,0,2,2,2,6061-T6 Alum,Clear Anodize,,DETAILED MACH,shipped 9/25/23,45156,45162,45190,45190,55101,0,0,0,0,", 1x655.4, 1x665.4,", , , , ,,,
GF12.655.05,A,GF12.655.05.A,P2B Dead Nest,0,2,2,2,Delrin - White,None,,DETAILED MACH,shipped 9/29/23,45156,45162,45190,45190,55101,0,0,0,0,", 1x655.5, 1x665.5,", , , , ,,,
GF12.655.06,A,GF12.655.06.A,P2L Dead Nest,0,2,2,2,Delrin - White,None,,DETAILED MACH,shipped 9/29/23,45156,45162,45190,45190,55101,0,0,0,0,", 1x655.6, 1x665.6,", , , , ,,,
GF12.655.07,A,GF12.655.07.A,Dead Nest Sensor Bracket,72.26,2,2,2,AISI 304,2B, ,WESCO BHT,  ,45159,45161,45191,45191,55092,72.26,0,0,0,", 1x655.7, 1x665.7,", , , , ,,,
GF12.663.04,A,GF12.663.04.A,P2L Escapement Finger-2 B-Side,123.63,1,1,1,AISI 304,2B, ,WESCO BHT,  ,45159,45161,45191,45191,55092,123.63,0,0,0,", 1x663.4,", , , , ,,,
GF12.663.05,A,GF12.663.05.A,P2B Escapement Finger-2 B-Side,123.63,1,1,1,AISI 304,2B, ,WESCO BHT,  ,45159,45161,45191,45191,55092,123.63,0,0,0,", 1x663.5,", , , , ,,,
GF12.710.01,A,GF12.710.01.A,SIDE PLATE,0,2,2,2,6061-T6 Alum,Clear Anodize, ,BIG SKY,  ,45161,45161,45184,45184,55093,0,0,0,0,", 2x710.1,", , , , ,,,
GF12.710.02,A,GF12.710.02.A,KNIFE ANVIL,0,1,1,1,A2 Tool Steel,Heat Treat 60RC; Blanchard Ground,,DETAILED MACH,  ,45159,45162,45190,45190,55101,0,0,0,0,", 1x710.2,", , , , ,,,
GF12.710.03,A,GF12.710.03.A,E-CHAIN TRAY,180.7,1,1,1,AISI 304,2B, ,WESCO BHT,  ,45159,45161,45191,45191,55092,180.7,0,0,0,", 1x710.3,", , , , ,,,
GF12.710.04,A,GF12.710.04.A,KNIFE ANVIL HOLDER,0,1,1,1,6061-T6 Alum,Clear Anodize, ,BEMOX,  ,45161,45162,45177,45177,55102,0,0,0,0,", 1x710.4,", , , , ,,,
GF12.720.01,A,GF12.720.01.A,ACTUATOR MOUNT PLATE,0,4,4,4,"AISI 1020 Steel, Cold Rolled",Clear Zinc, ,NULINE,  ,N/A,N/A,N/A,N/A,N/A,0,0,0,0,", 4x720.1,", , , , ,,,
GF12.730.01,A,GF12.730.01.A,KNIFE MOUNT PLATE,0,1,1,1,6061-T6 Alum,Clear Anodize, ,NULINE,  ,N/A,N/A,N/A,N/A,N/A,0,0,0,0,", 1x730.1,", , , , ,,,
GF12.730.02,A,GF12.730.02.A,KNIFE MOUNT WEDGE,0,1,1,1,"AISI 1020 Steel, Cold Rolled",Clear Zinc, ,NULINE,  ,N/A,N/A,N/A,N/A,N/A,0,0,0,0,", 1x730.2,", , , , ,,,
GF12.730.03,B,GF12.730.03.B,E-CHAIN SUPPORT,208.81,1,1,1,"AISI 304, 12 Gauge #2 Brushed",2B, ,WESCO BHT,  ,45159,45161,45191,45191,55092,208.81,0,0,0,", 1x730.3,", , , , ,,,
GF12.740.01,A,GF12.740.01.A,HOLD DOWN MOUNT,121.54,4,4,4,"AISI 304, 6? Gauge ",2B, ,WESCO BHT,  ,45159,45161,45191,45191,55092,121.54,0,0,0,", 4x740.1,", , , , ,,,
GF12.740.02,A,GF12.740.02.A,HOLD DOWN,0,4,4,4,"AISI 1020 Steel, Cold Rolled",Clear Zinc, ,BIG SKY,  ,45161,45161,45184,45184,55093,0,0,0,0,", 4x740.2,", , , ,,,,
GF12.740.03,A,GF12.740.03.A,KNIFE CLAMP RUBBER,0,4,4,4,Silicone,None,N/A,NULINE,  ,N/A,N/A,N/A,N/A,N/A,0,0,0,0,", 4x740.3,", , , ,,,,
GF12.750.01,A,GF12.750.01.A,KNIFE MANIFOLD MOUNTING PLATE,0,1,1,1,6061-T6 Alum,Clear Anodize, ,NULINE,  ,N/A,N/A,N/A,N/A,N/A,0,0,0,0,", 1x750.1,", , , ,,,,
GF12.811.01,A,GF12.811.01.A,DELIV CONVEYOR MOUNT PLATE,0,4,4,4,6061-T6 Alum,Clear Anodize, ,NULINE,  ,N/A,N/A,N/A,N/A,N/A,0,0,0,0,", 4x811.1,", , , ,,,,
,,,,,,,,,,,,,,,,,,,,,,,,,,,,,
,,,,,,,,,,,,,,,,,,,,,,,,,,,,,
,,,,,,,,,,,,,,,,,,,,,,,,,,,,,
,,,,,,,,,,,,,,,,,,,,,,,,,,,,,
, , ,Total Parts, ,1735,,, , , , ,  , , , , , , , , , , , , , ,,,,
 , , ,On Order, ,1732,,, , , , ,  , , , , , , , , , , , , , ,,,,
 , , ,Need to be Ordered, ,3,,, , , , ,  , , , , , , , , , , , , , ,,,,
 , , ,% to be Ordered, ,0.001729107,,, , , , ,  , , , , , , , , , , , , , ,,,,
 , , , , , ,,, , , , ,  , , , , , , , , , , , , , ,,,,
 , , ,,,,,, , , , ,  , , , , , , , , , , , , , ,,,,
 , , ,,,,,, , , , ,  , , , , , , , , , , , , , ,,,,
 , , ,,,,,, , , , ,  , , , , , , , , , , , , , ,,,,
 , , ,,,,,, , , , ,  , , , , , , , , , , , , , ,,,,
 , , ,,,,,, , , , ,  , , , , , , , , , , , , , ,,,,
 , , ,,,,,, , , , ,  , , , , , , , , , , , , , ,,,,
 , , ,,,,,, , , , ,  , , , , , , , , , , , , , ,,,,
 , , ,,,,,, , , , ,  , , , , , , , , , , , , , ,,,,
 , , ,,,,,, , , , ,  , , , , , , , , , , , , , ,,,,
 , , ,,,,,, , , , ,  , , , , , , , , , , , , , ,,,,